Population (in K),Carpool (%),Toll ($),day,time in mins,Toll lane speed in km/h, Reg Lane 1  speed,Reg Lane 2 speed,Reg Lane 3 speed, all reg lane avg speed,carpool Lane speed, Toll lane cars num,Reg Lane 1 cars num,Reg Lane 2 cars num,Reg Lane 3 cars num, All Reg Lane cars num, carpool Lane cars num 
20,20,1,1,5.5,100.008,97.9514,100.008,100.008,99.3225,100.008,0,3,0,0,3,1
20,20,1,1,5.6,100.008,98.4655,100.008,100.008,99.4938,100.008,0,4,0,0,4,1
20,20,1,1,5.7,100.008,95.2153,100.008,100.008,98.4104,99.7131,0,13,0,0,13,3
20,20,1,1,5.8,100.008,95.0867,100.008,100.008,98.3676,98.0096,0,29,1,0,30,11
20,20,1,1,5.9,100.008,95.9108,96.4887,98.2004,96.8666,96.8571,0,55,5,1,61,18
20,20,1,1,6,100.008,96.295,98.0538,100.008,98.1189,96.0043,0,96,13,1,110,29
20,20,1,1,6.1,100.008,96.0068,98.8551,99.0247,97.9622,92.6986,0,166,36,5,207,51
20,20,1,1,6.2,100.008,95.404,98.6072,98.682,97.5644,88.8187,0,273,98,16,387,101
20,20,1,1,6.3,100.008,94.831,98.3013,98.4173,97.1832,86.962,0,412,182,55,649,167
20,20,1,1,6.4,100.008,92.2082,96.8921,97.8154,95.6385,83.7867,0,542,358,143,1043,276
20,20,1,1,6.5,100.008,89.631,95.4754,96.3782,93.8282,81.2206,0,704,560,325,1589,434
20,20,1,1,6.6,100.008,84.5637,92.8195,90.9114,89.4315,78.8285,0,934,834,594,2362,638
20,20,1,1,6.7,100.008,80.6159,88.1067,86.1248,84.9491,76.8182,0,1161,1101,900,3162,897
20,20,1,1,6.8,100.008,79.7105,85.2819,83.9847,82.9924,74.1246,0,1347,1333,1202,3882,1163
20,20,1,1,6.9,100.008,77.2149,83.1766,82.519,80.9702,72.9306,0,1534,1527,1433,4494,1386
20,20,1,1,7,100.008,77.0999,82.2784,79.9383,79.7722,71.1561,0,1702,1684,1667,5053,1663
20,20,1,1,7.1,100.008,75.9238,80.2369,78.9931,78.3846,70.5932,0,1806,1808,1821,5435,1851
20,20,1,1,7.2,99.061,74.294,79.7498,78.7143,77.586,69.7366,3,1948,1903,1942,5793,2013
20,20,1,1,7.3,92.6892,72.3866,78.3331,76.7453,75.8217,68.7802,48,2062,1996,2055,6113,2163
20,20,1,1,7.4,79.8993,72.3615,77.1722,73.6087,74.3808,67.9693,240,2088,2030,2128,6246,2250
20,20,1,1,7.5,75.4322,70.9359,76.4103,72.1978,73.1813,65.7111,535,2148,2056,2147,6351,2289
20,20,1,1,7.6,72.8052,69.8354,74.5603,70.7429,71.7128,67.1622,850,2164,2108,2200,6472,2331
20,20,1,1,7.7,73.0606,68.1881,71.786,70.466,70.1467,65.9719,1136,2225,2157,2197,6579,2290
20,20,1,1,7.8,72.9632,69.287,70.5364,68.2266,69.35,64.0955,1368,2218,2207,2288,6713,2128
20,20,1,1,7.9,72.4022,66.0864,70.4442,66.0394,67.5233,61.968,1437,2268,2193,2350,6811,1921
20,20,1,1,8,71.4735,65.5977,68.2052,64.9022,66.235,58.6427,1387,2078,2010,2079,6167,1697
20,20,1,1,8.1,68.1413,64.3891,66.1484,60.736,63.7579,52.9941,1308,1873,1764,1870,5507,1476
20,20,1,1,8.2,62.223,59.8348,61.5262,56.9622,59.441,44.8433,1116,1658,1515,1592,4765,1213
20,20,1,1,8.3,56.1834,53.7985,53.2667,49.2858,52.117,40.9667,861,1420,1267,1327,4014,959
20,20,1,1,8.4,43.7293,43.9152,41.3392,37.9087,41.0544,38.699,607,1164,1030,1046,3240,706
20,20,1,1,8.5,93.4646,41.4344,38.5907,37.2216,39.0822,44.8059,354,897,773,803,2473,447
20,20,1,1,8.6,94.7733,43.0568,38.8513,38.1098,40.0059,67.6875,110,617,542,542,1701,191
20,20,1,1,8.7,94.1917,91.625,96.4073,100.008,96.0134,100.008,10,333,288,300,921,13
20,20,1,1,8.8,93.6218,91.8003,100.008,100.008,97.2721,100.008,9,67,40,39,146,0
20,20,1,1,8.9,100.008,92.2281,100.008,100.008,97.4147,100.008,5,7,0,0,7,0
20,20,1,1,9,100.008,91.1334,100.008,100.008,97.0498,100.008,2,2,0,0,2,0
20,20,1,1,9.1,100.008,91.1334,100.008,100.008,97.0498,100.008,0,1,0,0,1,0
20,20,1,1,9.2,100.008,91.1334,100.008,100.008,97.0498,100.008,0,1,0,0,1,0
20,20,1,1,9.3,100.008,100.008,100.008,100.008,100.008,100.008,0,1,0,0,1,0
20,20,2,1,5.3,100.008,100.008,100.008,100.008,100.008,100.008,0,0,0,0,0,1
20,20,2,1,5.4,100.008,93.8381,100.008,100.008,97.9514,100.008,0,1,0,0,1,1
20,20,2,1,5.5,100.008,96.923,100.008,100.008,98.9797,100.008,0,2,0,0,2,3
20,20,2,1,5.6,100.008,92.7434,100.008,100.008,97.5865,97.1579,0,6,0,0,6,4
20,20,2,1,5.7,100.008,94.2986,100.008,100.008,98.1049,96.2078,0,21,1,0,22,4
20,20,2,1,5.8,100.008,95.7551,100.008,100.008,98.5904,95.7688,0,39,2,0,41,13
20,20,2,1,5.9,100.008,96.5534,98.9671,92.7814,96.1007,95.0098,0,80,9,1,90,20
20,20,2,1,6,100.008,96.7543,98.076,100.008,98.2794,94.6855,0,148,19,2,169,36
20,20,2,1,6.1,100.008,96.1419,99.0367,97.8827,97.6871,90.6274,0,237,50,7,294,74
20,20,2,1,6.2,100.008,95.0529,98.6816,98.8447,97.5264,89.2596,0,336,134,31,501,129
20,20,2,1,6.3,100.008,94.013,97.0087,99.4188,96.8135,84.8804,0,475,254,101,830,202
20,20,2,1,6.4,100.008,91.0511,96.6061,95.1555,94.2709,82.6238,0,652,444,230,1326,313
20,20,2,1,6.5,100.008,87.869,95.1288,94.5274,92.5084,81.0765,0,796,669,436,1901,460
20,20,2,1,6.6,100.008,84.2251,90.9571,91.6799,88.9541,77.979,0,1018,951,684,2653,690
20,20,2,1,6.7,100.008,81.1524,87.4338,87.5738,85.3867,74.2383,0,1240,1194,1009,3443,974
20,20,2,1,6.8,100.008,79.1842,84.9445,84.508,82.8789,72.1215,0,1404,1420,1287,4111,1237
20,20,2,1,6.9,100.008,78.0691,82.8762,82.326,81.0905,70.9307,0,1579,1586,1531,4696,1476
20,20,2,1,7,100.008,75.9133,81.7152,81.144,79.5908,70.4291,0,1733,1728,1682,5143,1733
20,20,2,1,7.1,100.008,74.9492,80.3712,78.9037,78.0747,70.1793,0,1865,1818,1829,5512,1953
20,20,2,1,7.2,95.2511,74.085,80.3726,78.4225,77.6267,69.8919,11,1959,1903,1939,5801,2053
20,20,2,1,7.3,87.045,73.2504,78.1263,76.6379,76.0049,69.5133,60,2014,1992,2037,6043,2265
20,20,2,1,7.4,78.4294,72.8879,76.674,73.8392,74.467,67.7944,245,2056,2041,2110,6207,2313
20,20,2,1,7.5,70.2624,72.2659,73.6969,72.335,72.7659,65.869,532,2090,2104,2132,6326,2366
20,20,2,1,7.6,68.3722,70.813,72.5349,72.5789,71.9756,64.0233,820,2152,2144,2152,6448,2401
20,20,2,1,7.7,68.822,69.3029,70.6843,70.593,70.1934,62.5329,1072,2186,2168,2199,6553,2263
20,20,2,1,7.8,68.2812,67.4869,71.4171,69.8247,69.5762,60.8823,1238,2255,2189,2238,6682,2095
20,20,2,1,7.9,67.2686,67.2353,69.8621,68.1452,68.4142,57.9924,1271,2243,2189,2244,6676,1880
20,20,2,1,8,66.3465,65.4773,67.2065,66.365,66.3496,53.4903,1243,2035,1974,1997,6006,1643
20,20,2,1,8.1,66.0238,64.1425,64.5354,62.7648,63.8142,45.9702,1213,1811,1726,1758,5295,1405
20,20,2,1,8.2,60.6548,60.6117,59.0791,58.3636,59.3515,42.2569,1086,1614,1473,1472,4559,1161
20,20,2,1,8.3,50.8757,53.3006,51.1868,49.691,51.3928,43.4233,862,1372,1223,1215,3810,911
20,20,2,1,8.4,33.7927,43.6717,39.9196,38.9796,40.857,41.2444,604,1110,972,968,3050,648
20,20,2,1,8.5,100.008,43.9247,38.4905,38.0287,40.148,74.2718,342,829,729,729,2287,394
20,20,2,1,8.6,100.008,48.9304,39.0874,37.5547,41.8575,83.1045,101,532,493,483,1508,130
20,20,2,1,8.7,100.008,93.5453,99.1615,100.008,97.5716,100.008,2,269,225,227,721,4
20,20,2,1,8.8,100.008,91.4937,100.008,100.008,97.1699,100.008,2,28,1,0,29,0
20,20,2,1,8.9,100.008,94.1602,100.008,100.008,98.0587,100.008,2,9,0,0,9,0
20,20,2,1,9,100.008,91.1334,100.008,100.008,97.0498,100.008,2,4,0,0,4,0
20,20,2,1,9.1,100.008,91.1334,100.008,100.008,97.0498,100.008,0,2,0,0,2,0
20,20,2,1,9.2,100.008,91.1334,100.008,100.008,97.0498,100.008,0,1,0,0,1,0
20,20,2,1,9.3,100.008,91.1334,100.008,100.008,97.0498,100.008,0,1,0,0,1,0
20,20,2,1,9.4,100.008,100.008,100.008,100.008,100.008,100.008,0,1,0,0,1,0
20,20,3,1,5.4,100.008,100.008,100.008,100.008,100.008,96.923,0,1,0,0,1,2
20,20,3,1,5.5,100.008,95.2917,100.008,100.008,98.4359,93.8381,0,6,0,0,6,2
20,20,3,1,5.6,100.008,94.6822,100.008,100.008,98.2327,93.824,0,8,0,0,8,3
20,20,3,1,5.7,100.008,95.7821,100.008,88.9677,94.9193,95.939,0,17,0,1,18,6
20,20,3,1,5.8,100.008,95.9801,95.0197,100.008,97.0026,95.508,0,47,3,0,50,10
20,20,3,1,5.9,100.008,95.9186,99.8191,100.008,98.5819,94.395,0,77,8,1,86,19
20,20,3,1,6,100.008,96.7155,99.8101,100.008,98.8445,93.2301,0,131,17,0,148,35
20,20,3,1,6.1,100.008,95.8762,98.895,99.581,98.1174,93.5928,0,211,56,7,274,64
20,20,3,1,6.2,100.008,95.16,98.4373,98.3447,97.314,89.1959,0,322,111,27,460,98
20,20,3,1,6.3,100.008,94.2511,98.5311,98.7456,97.1759,85.0577,0,453,216,66,735,177
20,20,3,1,6.4,100.008,92.0305,96.6774,96.3918,95.0332,82.6011,0,596,394,193,1183,280
20,20,3,1,6.5,100.008,89.1604,94.1415,93.6735,92.3251,76.9409,0,781,620,386,1787,428
20,20,3,1,6.6,100.008,86.0607,90.4674,90.4021,88.9767,73.8045,0,989,886,673,2548,631
20,20,3,1,6.7,100.008,81.642,87.7135,86.5569,85.3041,73.0271,0,1215,1161,969,3345,884
20,20,3,1,6.8,100.008,79.3938,85.1921,86.0352,83.5404,72.1745,0,1383,1410,1253,4046,1172
20,20,3,1,6.9,100.008,78.1846,83.6731,83.8138,81.8905,71.0988,0,1585,1574,1486,4645,1474
20,20,3,1,7,100.008,76.672,81.4221,81.5021,79.8654,71.351,0,1726,1720,1690,5136,1711
20,20,3,1,7.1,100.008,75.8629,80.5936,79.4064,78.621,71.2339,0,1846,1837,1844,5527,1896
20,20,3,1,7.2,92.7104,75.5773,80.2199,78.092,77.9631,70.8561,3,1903,1897,1959,5759,2088
20,20,3,1,7.3,88.3323,72.9706,78.3393,76.7095,76.0065,68.7489,49,2006,1975,2021,6002,2289
20,20,3,1,7.4,83.8437,72.2231,77.4699,75.3618,75.0183,66.225,221,2068,2016,2072,6156,2328
20,20,3,1,7.5,76.0115,70.643,76.6872,73.1503,73.4935,64.133,485,2124,2039,2115,6278,2362
20,20,3,1,7.6,74.33,71.2749,75.118,72.6118,73.0016,63.2343,769,2147,2096,2161,6404,2405
20,20,3,1,7.7,73.2943,68.7442,72.2155,71.3786,70.7794,61.6972,1049,2206,2136,2160,6502,2305
20,20,3,1,7.8,72.9259,70.0704,71.3704,70.5522,70.6643,60.1364,1217,2219,2176,2227,6622,2130
20,20,3,1,7.9,71.1616,67.9787,70.5507,68.4873,69.0056,58.2774,1283,2223,2207,2264,6694,1931
20,20,3,1,8,70.3091,66.6011,69.6412,66.9512,67.7312,53.9842,1237,2067,1984,2033,6084,1697
20,20,3,1,8.1,68.5778,63.5687,67.2864,63.8855,64.9135,47.0851,1095,1861,1729,1780,5370,1445
20,20,3,1,8.2,63.3371,60.4699,63.0044,59.8094,61.0946,42.5305,1042,1630,1479,1509,4618,1203
20,20,3,1,8.3,53.1686,53.4513,55.0765,52.8685,53.7988,39.4833,812,1391,1230,1247,3868,949
20,20,3,1,8.4,36.2723,44.3761,42.6079,40.413,42.4656,37.6177,552,1146,974,993,3113,691
20,20,3,1,8.5,97.4579,42.6126,40.1409,38.2704,40.3413,41.8591,295,867,725,746,2338,435
20,20,3,1,8.6,100.008,46.9676,40.4977,37.4742,41.6465,100.008,47,577,473,509,1559,174
20,20,3,1,8.7,100.008,92.3967,100.008,100.008,97.4709,91.1334,4,294,239,249,782,1
20,20,3,1,8.8,100.008,93.1019,78.771,100.008,90.627,91.1334,4,30,2,0,32,1
20,20,3,1,8.9,100.008,93.3229,100.008,100.008,97.7796,91.1334,2,10,2,0,12,1
20,20,3,1,9,100.008,100.008,100.008,100.008,100.008,91.1334,2,3,0,0,3,1
20,20,3,1,9.1,100.008,100.008,100.008,100.008,100.008,91.1334,1,0,0,0,0,1
20,20,3,1,9.2,100.008,100.008,100.008,100.008,100.008,100.008,0,0,0,0,0,1
20,20,4,1,5.5,100.008,100.008,100.008,100.008,100.008,93.8381,0,1,0,0,1,1
20,20,4,1,5.6,100.008,95.3308,100.008,100.008,98.4489,94.1512,0,8,0,0,8,3
20,20,4,1,5.7,100.008,95.481,100.008,100.008,98.499,92.9185,0,21,1,0,22,7
20,20,4,1,5.8,100.008,95.8183,97.4797,100.008,97.7687,95.5152,0,41,4,0,45,12
20,20,4,1,5.9,100.008,96.8451,100.008,92.7814,96.5449,94.1197,0,80,3,1,84,27
20,20,4,1,6,100.008,96.5239,99.0407,100.008,98.5242,93.221,0,131,19,1,151,58
20,20,4,1,6.1,100.008,95.6213,99.1248,96.3237,97.0233,92.7559,0,230,50,10,290,95
20,20,4,1,6.2,100.008,94.487,98.3886,99.4267,97.4341,90.5984,0,351,145,42,538,150
20,20,4,1,6.3,100.008,92.8618,96.7589,97.085,95.5686,87.5291,0,469,276,132,877,223
20,20,4,1,6.4,100.008,91.0748,95.2603,96.3149,94.2167,84.1069,0,647,474,257,1378,329
20,20,4,1,6.5,100.008,86.4524,93.7972,94.1763,91.4753,82.2267,0,853,707,493,2053,510
20,20,4,1,6.6,100.008,82.4723,91.2468,89.3574,87.6922,79.6365,0,1045,1016,796,2857,736
20,20,4,1,6.7,100.008,79.2097,85.9606,86.2389,83.8031,76.8364,0,1301,1244,1064,3609,1015
20,20,4,1,6.8,100.008,77.4653,83.7858,83.814,81.6883,75.0427,0,1477,1452,1322,4251,1269
20,20,4,1,6.9,100.008,76.8659,81.6363,82.798,80.4334,74.1297,0,1616,1643,1557,4816,1527
20,20,4,1,7,100.008,75.0696,80.6526,80.8219,78.848,72.0562,0,1769,1779,1732,5280,1791
20,20,4,1,7.1,96.3558,74.2612,79.4858,79.6117,77.7863,70.5946,3,1914,1855,1850,5619,2025
20,20,4,1,7.2,95.4501,74.6684,78.9709,77.5818,77.0737,67.9711,18,1966,1944,1982,5892,2090
20,20,4,1,7.3,88.4162,73.6827,77.2578,74.6107,75.1837,64.8491,82,2053,2026,2095,6174,2126
20,20,4,1,7.4,76.9276,74.0468,75.4315,72.5421,74.0068,62.2004,302,2107,2069,2156,6332,2186
20,20,4,1,7.5,71.6891,72.4455,73.8493,70.7325,72.3424,60.8843,562,2134,2117,2210,6461,2223
20,20,4,1,7.6,71.2366,70.343,72.8073,69.2479,70.7994,61.8805,828,2184,2138,2262,6584,2224
20,20,4,1,7.7,71.1805,68.6178,70.9562,67.4076,68.9939,62.1052,1063,2206,2190,2290,6686,2119
20,20,4,1,7.8,70.8581,68.2771,68.3923,66.2866,67.652,60.1482,1200,2231,2255,2338,6824,2060
20,20,4,1,7.9,69.3778,66.9239,67.2313,64.5756,66.2436,57.8787,1239,2186,2222,2299,6707,1932
20,20,4,1,8,67.8719,64.6753,65.7264,62.5486,64.3167,54.8404,1174,2023,1966,2041,6030,1695
20,20,4,1,8.1,65.2027,60.8726,62.9331,58.5087,60.7715,50.1183,1032,1802,1704,1787,5293,1440
20,20,4,1,8.2,59.3209,56.0311,57.9848,53.3316,55.7825,43.0012,1032,1584,1451,1513,4548,1194
20,20,4,1,8.3,50.933,48.8287,48.646,44.638,47.3709,37.0308,783,1340,1209,1254,3803,958
20,20,4,1,8.4,37.635,41.3063,39.5244,37.6673,39.4993,38.5391,527,1080,982,975,3037,696
20,20,4,1,8.5,93.1583,42.9526,37.8375,37.0682,39.2861,41.1675,271,811,721,737,2269,440
20,20,4,1,8.6,94.8707,47.2276,39.014,36.4809,40.9075,83.3102,23,529,473,493,1495,175
20,20,4,1,8.7,94.8707,92.2501,95.4903,100.008,95.9161,100.008,8,267,227,232,726,8
20,20,4,1,8.8,96.9948,95.6759,100.008,100.008,98.564,100.008,8,26,0,0,26,1
20,20,4,1,8.9,96.9948,92.443,100.008,100.008,97.4863,100.008,4,6,0,0,6,1
20,20,4,1,9,100.008,91.1334,100.008,100.008,97.0498,100.008,4,4,0,0,4,0
20,20,4,1,9.1,100.008,90.1657,100.008,100.008,96.7272,100.008,2,1,0,0,1,0
20,20,4,1,9.2,100.008,100.008,100.008,100.008,100.008,100.008,0,1,0,0,1,0
20,20,5,1,5.6,100.008,98.4655,100.008,100.008,99.4938,100.008,0,4,0,0,4,1
20,20,5,1,5.7,100.008,94.7529,100.008,100.008,98.2563,96.9834,0,12,0,0,12,6
20,20,5,1,5.8,100.008,95.5922,100.008,100.008,98.5361,96.1693,0,33,1,0,34,12
20,20,5,1,5.9,100.008,95.8819,99.9342,100.008,98.608,96.5982,0,63,7,0,70,19
20,20,5,1,6,100.008,96.5191,100.008,100.008,98.845,95.5108,0,126,11,0,137,35
20,20,5,1,6.1,100.008,95.9519,98.9182,99.4325,98.1009,93.8233,0,199,37,3,239,61
20,20,5,1,6.2,100.008,95.7738,98.3533,99.2098,97.779,86.1043,0,310,89,23,422,120
20,20,5,1,6.3,100.008,94.2977,98.3699,98.4175,97.0283,83.5579,0,435,203,73,711,195
20,20,5,1,6.4,100.008,92.3102,96.6791,98.3128,95.7674,79.278,0,581,373,161,1115,293
20,20,5,1,6.5,100.008,88.9055,94.8079,95.3743,93.0292,76.9793,0,775,574,370,1719,435
20,20,5,1,6.6,100.008,86.0929,90.7192,91.4233,89.4118,76.3788,0,985,868,643,2496,634
20,20,5,1,6.7,100.008,81.0987,87.0965,87.7153,85.3035,74.1206,0,1211,1165,928,3304,891
20,20,5,1,6.8,100.008,79.3542,84.9768,85.1876,83.1729,71.8608,0,1379,1392,1224,3995,1207
20,20,5,1,6.9,100.008,77.3798,83.1176,83.1954,81.2309,71.6256,0,1570,1549,1476,4595,1456
20,20,5,1,7,100.008,76.1302,81.7266,81.2934,79.7168,71.2705,0,1701,1722,1690,5113,1708
20,20,5,1,7.1,100.008,74.2917,81.1082,80.2803,78.5601,69.6859,1,1859,1817,1812,5488,1925
20,20,5,1,7.2,92.0464,75.1797,81.0471,76.2008,77.4759,70.5875,3,1933,1880,1992,5805,2070
20,20,5,1,7.3,93.5486,74.3735,79.3511,74.8215,76.182,69.2062,20,2027,1963,2075,6065,2189
20,20,5,1,7.4,86.786,73.7964,77.0827,75.052,75.3104,68.7416,118,2048,2051,2098,6197,2289
20,20,5,1,7.5,79.3738,71.9056,74.7461,73.2371,73.2963,66.6497,309,2120,2081,2135,6336,2324
20,20,5,1,7.6,74.9689,70.3511,74.7789,71.4317,72.1872,64.6915,525,2146,2112,2195,6453,2376
20,20,5,1,7.7,72.7296,68.9034,72.7005,69.2147,70.2729,63.1694,731,2188,2139,2228,6555,2351
20,20,5,1,7.8,71.7137,67.1699,72.5563,68.861,69.5291,61.5544,883,2258,2161,2276,6695,2165
20,20,5,1,7.9,71.0407,66.2437,68.7696,68.11,67.7078,59.4681,940,2273,2248,2283,6804,1951
20,20,5,1,8,68.9154,65.7019,67.7386,66.6679,66.7028,55.4714,909,2175,2156,2165,6496,1719
20,20,5,1,8.1,69.0599,63.5788,65.9866,63.2904,64.2853,49.4213,909,1971,1881,1929,5781,1472
20,20,5,1,8.2,68.447,61.0531,61.6911,58.8635,60.5359,42.9076,775,1709,1642,1673,5024,1237
20,20,5,1,8.3,61.4204,55.429,55.7857,52.2506,54.4884,40.3096,700,1494,1367,1419,4280,980
20,20,5,1,8.4,67.7598,45.2978,45.2278,42.3491,44.2916,39.8593,459,1255,1107,1146,3508,722
20,20,5,1,8.5,94.9411,39.2441,39.1782,38.0081,38.8102,46.5326,198,974,878,886,2738,465
20,20,5,1,8.6,93.6107,41.1139,38.4679,37.3025,38.9614,90.8025,11,696,630,646,1972,213
20,20,5,1,8.7,93.6107,51.925,38.4379,35.6734,42.0121,100.008,11,416,387,399,1202,4
20,20,5,1,8.8,92.3362,94.8561,100.008,100.008,98.2907,100.008,11,153,133,141,427,0
20,20,5,1,8.9,89.1067,97.2592,100.008,100.008,99.0917,100.008,10,11,0,0,11,0
20,20,5,1,9,93.3229,100.008,100.008,100.008,100.008,100.008,3,5,0,0,5,0
20,20,5,1,9.1,100.008,95.5707,100.008,100.008,98.5289,100.008,1,3,0,0,3,0
20,20,5,1,9.2,100.008,91.1334,100.008,100.008,97.0498,100.008,0,2,0,0,2,0
20,20,5,1,9.3,100.008,91.1334,100.008,100.008,97.0498,100.008,0,1,0,0,1,0
20,20,5,1,9.4,100.008,91.1334,100.008,100.008,97.0498,100.008,0,1,0,0,1,0
20,20,5,1,9.5,100.008,91.1334,100.008,100.008,97.0498,100.008,0,1,0,0,1,0
20,20,5,1,9.6,100.008,100.008,100.008,100.008,100.008,100.008,0,1,0,0,1,0
20,20,6,1,5.4,100.008,97.9514,100.008,100.008,99.3225,100.008,0,3,0,0,3,0
20,20,6,1,5.5,100.008,98.774,100.008,100.008,99.5967,100.008,0,5,0,0,5,0
20,20,6,1,5.6,100.008,94.5595,100.008,100.008,98.1918,94.3077,0,8,0,0,8,2
20,20,6,1,5.7,100.008,95.3787,100.008,100.008,98.4649,97.4155,0,15,0,0,15,7
20,20,6,1,5.8,100.008,95.1105,100.008,100.008,98.3755,97.6343,0,42,1,0,43,15
20,20,6,1,5.9,100.008,96.2346,95.7373,95.2599,95.7439,96.2168,0,76,2,1,79,23
20,20,6,1,6,100.008,95.9613,98.4731,100.008,98.1475,95.8079,0,132,24,0,156,43
20,20,6,1,6.1,100.008,95.6681,98.1032,99.8458,97.8724,94.0108,0,232,48,13,293,75
20,20,6,1,6.2,100.008,95.2536,97.5326,98.3321,97.0394,90.5423,0,352,120,34,506,118
20,20,6,1,6.3,100.008,93.497,97.7317,98.2431,96.4906,86.6197,0,484,246,95,825,199
20,20,6,1,6.4,100.008,91.1473,96.0284,95.5356,94.2371,82.5975,0,645,460,243,1348,305
20,20,6,1,6.5,100.008,88.2226,94.186,93.986,92.1315,80.3373,0,817,687,478,1982,459
20,20,6,1,6.6,100.008,83.5483,89.636,90.5611,87.9151,77.5682,0,1070,965,743,2778,681
20,20,6,1,6.7,100.008,80.4295,86.5795,86.4042,84.471,75.1389,0,1275,1212,1060,3547,920
20,20,6,1,6.8,100.008,78.7399,83.7866,84.6256,82.384,72.7529,0,1452,1443,1311,4206,1196
20,20,6,1,6.9,100.008,77.3959,81.8364,82.5437,80.592,70.8947,0,1620,1618,1562,4800,1474
20,20,6,1,7,100.008,76.8497,80.2679,80.0367,79.0514,69.0314,0,1758,1773,1731,5262,1695
20,20,6,1,7.1,100.008,75.9071,79.4116,77.8835,77.7341,68.0562,0,1851,1867,1888,5606,1923
20,20,6,1,7.2,84.9545,75.2435,78.8324,76.8181,76.9647,65.4598,7,1944,1929,1985,5858,2056
20,20,6,1,7.3,88.8837,72.306,78.415,74.9508,75.2239,65.5027,53,2066,2000,2082,6148,2181
20,20,6,1,7.4,81.7435,71.9985,77.6048,73.8264,74.4765,64.4927,187,2132,2033,2136,6301,2213
20,20,6,1,7.5,78.7013,71.6106,74.5874,71.9687,72.7223,64.4884,329,2135,2106,2166,6407,2282
20,20,6,1,7.6,76.5705,69.3126,74.0719,69.465,70.9499,62.9372,479,2162,2125,2246,6533,2330
20,20,6,1,7.7,77.1797,69.0953,71.3523,67.9988,69.4822,61.8019,622,2185,2181,2290,6656,2400
20,20,6,1,7.8,76.0401,67.8065,70.3958,66.2104,68.1376,59.8484,722,2239,2204,2324,6767,2208
20,20,6,1,7.9,75.9022,65.0363,68.9891,65.8102,66.6119,57.5792,782,2320,2236,2325,6881,1992
20,20,6,1,8,73.5574,64.79,67.2978,63.846,65.3113,53.9958,701,2171,2135,2221,6527,1754
20,20,6,1,8.1,69.0965,63.3496,64.045,60.8266,62.7404,48.9268,638,1940,1894,1962,5796,1498
20,20,6,1,8.2,69.0441,58.9537,60.6644,56.9896,58.8692,41.2861,638,1727,1617,1698,5042,1261
20,20,6,1,8.3,75.0646,52.6942,54.3331,50.8072,52.6115,37.6202,394,1506,1359,1429,4294,1005
20,20,6,1,8.4,60.9505,42.5204,42.3721,40.3746,41.7557,38.2363,169,1231,1141,1158,3530,746
20,20,6,1,8.5,98.0069,39.1323,38.6294,37.4331,38.3983,35.9073,155,986,872,908,2766,499
20,20,6,1,8.6,98.0069,40.1415,39.2338,36.1322,38.5025,67.6572,6,701,620,668,1989,243
20,20,6,1,8.7,99.1408,51.3408,37.2914,35.0144,41.2155,67.6572,8,427,390,405,1222,4
20,20,6,1,8.8,99.3924,94.0578,100.008,100.008,98.0246,100.008,7,161,136,144,441,4
20,20,6,1,8.9,100.008,92.9558,100.008,100.008,97.6573,100.008,6,11,2,0,13,0
20,20,6,1,9,100.008,92.2281,100.008,100.008,97.4147,100.008,3,6,0,0,6,0
20,20,6,1,9.1,100.008,91.1334,100.008,100.008,97.0498,100.008,2,2,0,0,2,0
20,20,6,1,9.2,100.008,100.008,100.008,100.008,100.008,100.008,1,1,0,0,1,0
20,20,7,1,5.4,100.008,97.9514,100.008,100.008,99.3225,100.008,0,3,0,0,3,0
20,20,7,1,5.5,100.008,94.2634,100.008,100.008,98.0931,100.008,0,6,0,0,6,2
20,20,7,1,5.6,100.008,94.5092,100.008,100.008,98.1751,100.008,0,10,0,0,10,2
20,20,7,1,5.7,100.008,94.996,100.008,100.008,98.3373,99.7868,0,20,0,0,20,4
20,20,7,1,5.8,100.008,95.6904,99.8758,100.008,98.5247,95.011,0,52,3,0,55,13
20,20,7,1,5.9,100.008,96.1883,99.9524,100.008,98.7162,95.2205,0,85,9,0,94,23
20,20,7,1,6,100.008,96.0278,98.3471,99.8769,98.0839,95.5202,0,157,33,4,194,41
20,20,7,1,6.1,100.008,95.258,98.4605,99.7946,97.8377,94.4759,0,256,85,14,355,68
20,20,7,1,6.2,100.008,94.5381,98.6655,98.4906,97.2314,90.5765,0,387,165,50,602,140
20,20,7,1,6.3,100.008,92.9785,98.06,98.2289,96.4225,83.8124,0,502,314,113,929,236
20,20,7,1,6.4,100.008,90.9425,95.5493,96.1069,94.1996,79.8517,0,683,486,290,1459,365
20,20,7,1,6.5,100.008,87.668,93.8725,90.8286,90.7897,78.6195,0,873,747,537,2157,558
20,20,7,1,6.6,100.008,83.1295,88.6162,86.3389,86.0282,77.2612,0,1110,1028,829,2967,785
20,20,7,1,6.7,100.008,79.6606,84.7547,85.819,83.4114,74.5764,0,1303,1300,1098,3701,1057
20,20,7,1,6.8,100.008,77.7002,84.7256,83.1323,81.8527,72.3267,0,1493,1473,1374,4340,1356
20,20,7,1,6.9,100.008,76.5574,81.8118,81.9194,80.0962,71.7994,0,1636,1657,1626,4919,1581
20,20,7,1,7,100.008,75.0809,81.412,79.8626,78.7852,69.9486,0,1772,1770,1773,5315,1837
20,20,7,1,7.1,82.2869,75.4898,79.3144,78.326,77.7101,71.0606,1,1891,1889,1926,5706,2081
20,20,7,1,7.2,95.2147,72.5942,78.6893,77.1909,76.1581,69.8654,7,2014,1975,2002,5991,2114
20,20,7,1,7.3,93.7338,71.662,78.2717,74.8382,74.924,68.8955,31,2068,2021,2103,6192,2224
20,20,7,1,7.4,88.6442,70.8382,76.2641,73.7092,73.6039,68.4512,104,2127,2049,2139,6315,2264
20,20,7,1,7.5,83.3043,70.3041,74.4323,73.3681,72.7015,66.33,204,2170,2120,2144,6434,2334
20,20,7,1,7.6,79.5976,69.0115,72.1771,71.6579,70.9489,64.3328,316,2216,2151,2191,6558,2367
20,20,7,1,7.7,76.3294,68.3101,70.2189,71.1136,69.8809,63.0076,416,2248,2197,2209,6654,2230
20,20,7,1,7.8,74.8209,66.7066,69.6884,68.3504,68.2485,62.4468,466,2286,2221,2280,6787,2029
20,20,7,1,7.9,74.5966,64.3984,68.5501,66.3047,66.4177,59.4924,502,2320,2255,2313,6888,1807
20,20,7,1,8,73.9761,62.4549,68.0052,65.6343,65.3648,54.7052,469,2228,2127,2176,6531,1562
20,20,7,1,8.1,73.0321,60.4818,65.3924,63.0487,62.9743,47.5808,450,2012,1873,1917,5802,1340
20,20,7,1,8.2,75.3921,56.7574,61.0495,58.2044,58.6704,42.0374,364,1750,1630,1666,5046,1079
20,20,7,1,8.3,71.6918,51.0253,54.1868,51.9619,52.3913,39.605,292,1532,1359,1402,4293,830
20,20,7,1,8.4,75.7635,41.4734,42.3479,40.782,41.5344,43.945,113,1274,1114,1152,3540,566
20,20,7,1,8.5,95.2831,39.0529,38.3868,37.9806,38.4734,77.8031,50,994,878,896,2768,308
20,20,7,1,8.6,95.2831,40.0273,38.1634,37.2777,38.4895,75.7273,11,704,628,655,1987,56
20,20,7,1,8.7,89.7063,48.7409,39.6956,35.7774,41.4046,75.7273,5,441,378,414,1233,11
20,20,7,1,8.8,89.7063,93.2358,100.008,80.2065,91.1501,100.008,4,162,141,152,455,11
20,20,7,1,8.9,100.008,93.9412,100.008,100.008,97.9857,100.008,4,7,0,0,7,11
20,20,7,1,9,100.008,94.7761,100.008,100.008,98.264,100.008,0,6,0,0,6,1
20,20,7,1,9.1,100.008,91.1334,100.008,100.008,97.0498,100.008,0,4,0,0,4,1
20,20,7,1,9.2,100.008,91.1334,100.008,100.008,97.0498,100.008,0,1,0,0,1,0
20,20,7,1,9.3,100.008,100.008,100.008,100.008,100.008,100.008,0,1,0,0,1,0
20,20,8,1,5.5,100.008,98.4655,100.008,100.008,99.4938,100.008,0,4,0,0,4,0
20,20,8,1,5.6,100.008,95.0091,100.008,100.008,98.3417,100.008,0,11,0,0,11,0
20,20,8,1,5.7,100.008,95.8768,94.1458,100.008,96.6769,100.008,0,20,1,0,21,0
20,20,8,1,5.8,100.008,96.4277,100.008,100.008,98.8146,90.8905,0,42,2,0,44,5
20,20,8,1,5.9,100.008,96.6858,100.008,100.008,98.9006,95.4928,0,74,2,0,76,15
20,20,8,1,6,100.008,96.5168,99.8397,100.008,98.7882,92.0567,0,126,16,1,143,36
20,20,8,1,6.1,100.008,96.3374,98.2492,98.3402,97.6423,89.9592,0,206,51,10,267,58
20,20,8,1,6.2,100.008,96.0474,98.4162,99.7098,98.0578,85.0363,0,331,90,17,438,122
20,20,8,1,6.3,100.008,94.4173,98.1668,98.8082,97.1308,83.2074,0,458,211,72,741,208
20,20,8,1,6.4,100.008,92.3771,97.3232,97.0541,95.5848,79.6559,0,612,382,185,1179,336
20,20,8,1,6.5,100.008,88.7502,95.3965,93.0871,92.4113,77.5549,0,791,624,401,1816,493
20,20,8,1,6.6,100.008,84.9296,92.2893,89.7608,88.9932,76.4913,0,1016,882,695,2593,699
20,20,8,1,6.7,100.008,80.2989,87.1941,88.0225,85.1718,73.3704,0,1235,1185,974,3394,966
20,20,8,1,6.8,100.008,79.5349,83.8976,84.1672,82.5332,71.3186,0,1435,1388,1274,4097,1238
20,20,8,1,6.9,100.008,77.5946,82.2546,82.7431,80.8641,71.0678,0,1583,1579,1529,4691,1511
20,20,8,1,7,100.008,75.9618,80.737,81.7289,79.4759,70.8018,0,1748,1752,1695,5195,1743
20,20,8,1,7.1,100.008,74.4204,81.307,79.9241,78.5505,69.6948,0,1885,1819,1841,5545,1915
20,20,8,1,7.2,93.8668,75.2828,79.0106,78.1016,77.465,70.1121,1,1942,1945,1954,5841,2070
20,20,8,1,7.3,97.9466,72.8697,77.1981,76.4299,75.4992,69.9244,8,2047,2009,2046,6102,2191
20,20,8,1,7.4,94.9758,71.5406,75.4936,76.4994,74.5112,68.1941,36,2111,2082,2067,6260,2269
20,20,8,1,7.5,91.4844,69.3255,74.1105,74.1487,72.5282,66.4269,83,2176,2089,2097,6362,2357
20,20,8,1,7.6,87.052,68.4475,73.6629,72.9817,71.6974,64.3045,142,2215,2136,2139,6490,2400
20,20,8,1,7.7,83.3365,67.3529,71.9048,70.5802,69.946,62.5311,209,2247,2147,2194,6588,2317
20,20,8,1,7.8,80.2732,67.5047,71.2607,69.032,69.2658,59.9266,262,2272,2185,2258,6715,2147
20,20,8,1,7.9,78.4931,64.803,69.9651,67.342,67.37,56.6903,283,2319,2221,2289,6829,1956
20,20,8,1,8,75.273,64.2149,67.4562,66.2441,65.9717,52.4348,282,2338,2290,2341,6969,1714
20,20,8,1,8.1,74.7838,62.9039,66.5483,64.2421,64.5647,52.5096,229,2154,2061,2116,6331,1468
20,20,8,1,8.2,75.852,59.9103,63.3171,60.6306,61.286,45.2405,227,1929,1790,1861,5580,1231
20,20,8,1,8.3,78.0974,55.7696,57.6823,55.3549,56.2689,40.7471,227,1688,1554,1596,4838,975
20,20,8,1,8.4,67.2091,47.8252,49.9413,47.6346,48.467,40.1073,95,1449,1293,1333,4075,718
20,20,8,1,8.5,100.008,38.0608,39.9119,38.1954,38.7227,46.0614,41,1169,1046,1072,3287,489
20,20,8,1,8.6,100.008,37.4948,39.3626,37.2725,38.0433,92.8394,1,893,804,829,2526,222
20,20,8,1,8.7,100.008,39.1698,38.1055,36.894,38.0564,96.6655,1,601,566,586,1753,6
20,20,8,1,8.8,100.008,91.9731,100.008,100.008,97.3297,96.6655,1,331,321,328,980,2
20,20,8,1,8.9,100.008,91.1334,100.008,100.008,97.0498,100.008,1,74,64,68,206,2
20,20,8,1,9,100.008,91.1334,100.008,100.008,97.0498,100.008,1,1,0,0,1,2
20,20,8,1,9.1,100.008,100.008,100.008,100.008,100.008,100.008,0,1,0,0,1,0
20,20,9,1,5.2,100.008,100.008,100.008,100.008,100.008,100.008,0,1,0,0,1,0
20,20,9,1,5.3,100.008,100.008,100.008,100.008,100.008,100.008,0,1,0,0,1,0
20,20,9,1,5.4,100.008,100.008,100.008,100.008,100.008,100.008,0,1,0,0,1,0
20,20,9,1,5.5,100.008,97.9514,100.008,100.008,99.3225,100.008,0,3,0,0,3,1
20,20,9,1,5.6,100.008,95.1649,100.008,100.008,98.3936,94.3077,0,10,0,0,10,2
20,20,9,1,5.7,100.008,95.0233,100.008,100.008,98.3464,96.2078,0,18,2,0,20,3
20,20,9,1,5.8,100.008,95.8706,99.8758,89.8948,95.2137,94.5946,0,43,3,1,47,9
20,20,9,1,5.9,100.008,96.4832,97.7325,92.7814,95.6657,94.8886,0,79,6,1,86,24
20,20,9,1,6,100.008,96.1365,99.0227,97.3768,97.512,90.2266,0,131,27,2,160,49
20,20,9,1,6.1,100.008,95.5306,98.8428,96.4979,96.9571,86.6316,0,236,61,10,307,95
20,20,9,1,6.2,100.008,94.8703,98.3644,97.3158,96.8502,83.3131,0,343,146,30,519,151
20,20,9,1,6.3,100.008,93.3568,96.9608,97.9007,96.0727,80.7242,0,489,274,113,876,249
20,20,9,1,6.4,100.008,90.4969,95.3455,96.9365,94.2597,79.9168,0,654,460,268,1382,385
20,20,9,1,6.5,100.008,86.9525,94.4434,92.8602,91.4187,76.0747,0,856,721,484,2061,530
20,20,9,1,6.6,100.008,83.0573,88.216,87.3072,86.1935,74.8475,0,1069,1005,817,2891,753
20,20,9,1,6.7,100.008,80.5518,86.4915,85.1411,84.0615,73.8344,0,1288,1271,1083,3642,1031
20,20,9,1,6.8,100.008,78.8915,84.1301,81.7235,81.5817,72.2952,0,1464,1475,1375,4314,1284
20,20,9,1,6.9,100.008,75.3797,83.0649,81.7214,80.0553,72.0864,0,1670,1636,1563,4869,1585
20,20,9,1,7,100.008,75.2025,81.4759,79.2606,78.6463,71.6717,0,1782,1749,1775,5306,1770
20,20,9,1,7.1,100.008,73.5015,79.7544,78.6374,77.2978,71.8816,0,1914,1873,1899,5686,1990
20,20,9,1,7.2,97.5134,72.1814,80.2072,77.9202,76.7696,71.1246,2,2030,1941,1997,5968,2087
20,20,9,1,7.3,96.2995,71.1101,78.2131,76.1555,75.1596,69.2433,15,2097,1993,2068,6158,2217
20,20,9,1,7.4,91.7032,71.5513,76.703,75.4354,74.5632,67.6425,40,2140,2060,2095,6295,2278
20,20,9,1,7.5,92.805,69.2507,74.2899,74.2538,72.5981,66.1359,81,2200,2107,2107,6414,2324
20,20,9,1,7.6,89.5137,67.546,73.5073,72.3227,71.1254,64.7232,118,2247,2121,2164,6532,2358
20,20,9,1,7.7,88.0561,67.0046,72.0548,70.5095,69.8563,63.0357,150,2251,2161,2220,6632,2266
20,20,9,1,7.8,86.7943,66.7383,70.6905,68.1625,68.5304,60.2884,168,2285,2202,2273,6760,2080
20,20,9,1,7.9,84.6326,64.5053,69.0739,66.8083,66.7958,59.1428,177,2322,2233,2312,6867,1864
20,20,9,1,8,83.1732,64.097,67.3808,65.5211,65.6663,56.4735,176,2310,2270,2333,6913,1618
20,20,9,1,8.1,82.3744,62.4188,65.5221,61.8949,63.2786,50.5345,116,2086,1991,2105,6182,1376
20,20,9,1,8.2,76.633,57.8049,62.7942,59.1262,59.9084,43.7967,104,1884,1735,1817,5436,1141
20,20,9,1,8.3,83.2841,53.6204,57.0364,54.0666,54.9078,40.6115,79,1657,1483,1548,4688,894
20,20,9,1,8.4,78.9605,45.1588,47.091,44.7328,45.6609,41.2855,31,1389,1255,1284,3928,632
20,20,9,1,8.5,80.901,38.269,39.5091,37.8763,38.5515,59.6375,13,1127,1008,1023,3158,383
20,20,9,1,8.6,99.5847,37.8106,39.1415,37.7151,38.2224,67.6572,11,847,750,774,2371,127
20,20,9,1,8.7,100.008,39.4537,37.7687,38.6393,38.6206,67.6572,2,561,523,518,1602,4
20,20,9,1,8.8,100.008,94.435,100.008,100.008,98.1503,91.1334,1,291,269,270,830,5
20,20,9,1,8.9,100.008,96.6655,100.008,100.008,98.8938,91.1334,1,22,15,14,51,1
20,20,9,1,9,100.008,100.008,100.008,100.008,100.008,91.1334,1,2,0,0,2,1
20,20,9,1,9.1,100.008,100.008,100.008,100.008,100.008,91.1334,1,0,0,0,0,1
20,20,9,1,9.2,100.008,100.008,100.008,100.008,100.008,91.1334,0,0,0,0,0,1
20,20,9,1,9.3,100.008,100.008,100.008,100.008,100.008,100.008,0,0,0,0,0,1
20,20,10,1,5.5,100.008,100.008,100.008,100.008,100.008,100.008,0,1,0,0,1,0
20,20,10,1,5.6,100.008,98.4655,100.008,100.008,99.4938,100.008,0,4,0,0,4,0
20,20,10,1,5.7,100.008,96.2704,100.008,100.008,98.7621,95.6048,0,10,0,0,10,4
20,20,10,1,5.8,100.008,95.117,97.0769,100.008,97.4006,95.857,0,23,2,0,25,8
20,20,10,1,5.9,100.008,95.5518,99.3986,100.008,98.3195,96.62,0,53,5,0,58,15
20,20,10,1,6,100.008,96.7523,98.5131,97.2565,97.5073,93.3198,0,103,18,3,124,35
20,20,10,1,6.1,100.008,96.3292,98.8142,100.008,98.3838,87.3333,0,178,41,1,220,71
20,20,10,1,6.2,100.008,95.7713,98.4156,99.7894,97.9921,84.7134,0,273,90,20,383,122
20,20,10,1,6.3,100.008,94.5706,98.6094,99.0635,97.4145,81.4357,0,414,186,60,660,208
20,20,10,1,6.4,100.008,92.5443,96.8413,95.8136,95.0664,80.5365,0,571,341,175,1087,302
20,20,10,1,6.5,100.008,89.8354,94.9855,96.3269,93.7159,78.139,0,733,559,329,1621,426
20,20,10,1,6.6,100.008,86.3048,91.3548,91.4963,89.7186,77.4235,0,945,838,578,2361,627
20,20,10,1,6.7,100.008,81.5492,87.5722,87.6237,85.5817,75.3225,0,1163,1112,903,3178,911
20,20,10,1,6.8,100.008,79.9474,84.9891,84.6934,83.21,72.8494,0,1342,1350,1201,3893,1191
20,20,10,1,6.9,100.008,77.8179,83.8591,82.3179,81.3317,71.9033,0,1529,1518,1451,4498,1429
20,20,10,1,7,100.008,76.3802,81.1853,80.8017,79.4557,70.9558,0,1692,1678,1635,5005,1712
20,20,10,1,7.1,100.008,75.3601,80.3158,80.3037,78.6599,69.6153,0,1816,1805,1784,5405,1821
20,20,10,1,7.2,100.008,73.7128,79.7105,78.1874,77.2036,69.1401,0,1921,1871,1916,5708,2031
20,20,10,1,7.3,96.0847,72.4593,78.3731,77.506,76.1128,68.3036,3,2043,1973,2010,6026,2189
20,20,10,1,7.4,94.136,71.4453,76.2635,75.9164,74.5417,67.4541,10,2115,2056,2073,6244,2259
20,20,10,1,7.5,94.6959,71.1119,74.3468,72.3255,72.5947,65.1553,24,2140,2087,2141,6368,2343
20,20,10,1,7.6,91.9259,72.2639,73.2121,71.3119,72.2626,64.4075,37,2153,2134,2193,6480,2383
20,20,10,1,7.7,91.2575,70.4577,70.6507,69.6426,70.2503,62.819,53,2179,2176,2232,6587,2370
20,20,10,1,7.8,88.7012,68.5695,70.0273,69.1362,69.2443,60.8719,66,2238,2222,2266,6726,2222
20,20,10,1,7.9,86.1793,65.9059,69.3609,67.1699,67.4789,60.604,79,2306,2226,2299,6831,2015
20,20,10,1,8,85.7419,63.7268,67.9941,66.1023,65.9411,57.3861,78,2324,2271,2335,6930,1788
20,20,10,1,8.1,84.5501,62.5916,67.1566,65.0629,64.9371,53.0481,71,2279,2212,2288,6779,1559
20,20,10,1,8.2,81.3092,60.9245,63.7881,62.2415,62.318,46.0221,52,2053,1964,2021,6038,1336
20,20,10,1,8.3,78.6157,57.3802,59.6575,57.337,58.1249,40.8444,33,1809,1717,1762,5288,1075
20,20,10,1,8.4,72.6258,51.5483,54.4423,51.2222,52.4043,40.013,26,1585,1431,1503,4519,819
20,20,10,1,8.5,80.2155,42.5027,43.7713,41.0585,42.4442,44.1693,26,1315,1191,1244,3750,571
20,20,10,1,8.6,100.008,38.2612,38.9734,37.5346,38.2564,90.2835,2,1045,968,972,2985,309
20,20,10,1,8.7,100.008,37.9592,39.0701,37.3056,38.1117,82.9247,0,788,694,722,2204,53
20,20,10,1,8.8,100.008,37.8669,39.2453,37.3706,38.1609,82.3607,0,504,454,483,1441,2
20,20,10,1,8.9,100.008,94.7189,100.008,100.008,98.245,100.008,0,234,212,218,664,2
20,20,10,1,9,100.008,96.1181,100.008,100.008,98.7114,100.008,0,8,0,0,8,0
20,20,10,1,9.1,100.008,91.1334,100.008,100.008,97.0498,100.008,0,4,0,0,4,0
20,20,10,1,9.2,100.008,91.1334,100.008,100.008,97.0498,100.008,0,1,0,0,1,0
20,20,10,1,9.3,100.008,100.008,100.008,100.008,100.008,100.008,0,1,0,0,1,0
20,15,1,1,5.3,100.008,100.008,100.008,100.008,100.008,100.008,0,1,0,0,1,0
20,15,1,1,5.4,100.008,100.008,100.008,100.008,100.008,100.008,0,1,0,0,1,0
20,15,1,1,5.5,100.008,97.9514,100.008,100.008,99.3225,100.008,0,3,0,0,3,0
20,15,1,1,5.6,100.008,98.4655,100.008,100.008,99.4938,100.008,0,4,0,0,4,1
20,15,1,1,5.7,100.008,94.2121,100.008,100.008,98.076,100.008,0,14,0,0,14,3
20,15,1,1,5.8,100.008,95.0884,95.172,100.008,96.7561,97.627,0,38,3,0,41,10
20,15,1,1,5.9,100.008,96.1959,99.2853,100.008,98.4964,95.8241,0,77,10,1,88,22
20,15,1,1,6,100.008,96.1197,98.7054,99.4668,98.0973,93.1787,0,147,29,3,179,35
20,15,1,1,6.1,100.008,95.6474,98.1026,96.442,96.7307,93.1053,0,243,67,10,320,62
20,15,1,1,6.2,100.008,95.3279,97.7519,98.0202,97.0333,88.5684,0,373,157,44,574,110
20,15,1,1,6.3,100.008,92.8376,97.282,98.2838,96.1345,87.7933,0,514,309,145,968,174
20,15,1,1,6.4,100.008,90.6907,96.0334,96.6982,94.4741,85.6181,0,665,523,277,1465,262
20,15,1,1,6.5,100.008,86.7763,93.7085,91.5438,90.6762,81.0975,0,873,737,549,2159,414
20,15,1,1,6.6,100.008,82.8709,87.7991,87.7109,86.127,78.4105,0,1113,1026,826,2965,586
20,15,1,1,6.7,100.008,79.8113,85.2195,85.8976,83.6428,77.7797,0,1314,1276,1131,3721,807
20,15,1,1,6.8,100.008,78.3748,83.4363,83.323,81.7114,75.4443,0,1462,1494,1393,4349,1046
20,15,1,1,6.9,100.008,76.8708,82.1503,82.0651,80.362,74.4955,0,1653,1650,1592,4895,1290
20,15,1,1,7,100.008,76.2429,81.3888,80.5709,79.4009,73.5754,1,1789,1751,1777,5317,1497
20,15,1,1,7.1,98.1002,75.6915,79.2054,77.9174,77.6048,73.3963,3,1885,1885,1921,5691,1795
20,15,1,1,7.2,93.7088,74.2161,78.5819,77.3357,76.7113,71.5823,38,2005,1975,2013,5993,1861
20,15,1,1,7.3,80.1934,71.8632,78.0159,75.404,75.0944,71.7235,215,2068,2022,2085,6175,1946
20,15,1,1,7.4,71.9529,71.6887,76.3819,73.8626,73.9777,71.0822,524,2109,2064,2127,6300,1868
20,15,1,1,7.5,71.0977,69.252,74.1307,72.0975,71.8267,68.3163,825,2160,2103,2150,6413,1890
20,15,1,1,7.6,70.8445,69.6936,72.5093,71.4471,71.2167,65.7314,1123,2185,2158,2181,6524,1726
20,15,1,1,7.7,70.4577,68.0977,70.5753,69.5959,69.423,67.3036,1420,2221,2173,2226,6620,1548
20,15,1,1,7.8,70.0649,68.3194,70.0559,68.1874,68.8542,64.542,1694,2249,2232,2280,6761,1332
20,15,1,1,7.9,69.8221,66.4261,68.2788,67.2414,67.3154,59.9967,1948,2219,2198,2231,6648,1130
20,15,1,1,8,68.9707,64.6991,66.1148,64.8744,65.2294,64.9895,1907,2019,1959,1983,5961,899
20,15,1,1,8.1,66.1012,62.1801,62.3705,61.3356,61.9621,69.4256,1744,1785,1729,1723,5237,658
20,15,1,1,8.2,61.9372,57.3051,56.5021,56.1772,56.6615,75.9538,1480,1565,1458,1453,4476,457
20,15,1,1,8.3,55.6583,49.0738,47.8933,47.2889,48.0853,78.0059,1233,1340,1187,1181,3708,254
20,15,1,1,8.4,44.8936,41.8268,37.7502,38.7097,39.4289,85.9847,983,1049,959,933,2941,133
20,15,1,1,8.5,38.2291,42.2029,37.4907,38.0477,39.2471,92.0459,722,781,689,698,2168,112
20,15,1,1,8.6,43.2508,47.1353,39.4045,36.8205,41.1201,90.745,458,502,444,449,1395,20
20,15,1,1,8.7,95.6864,90.8468,91.1911,100.008,94.0153,97.2757,206,238,189,194,621,9
20,15,1,1,8.8,99.9864,91.9048,100.008,100.008,97.3069,95.2605,12,19,0,0,19,5
20,15,1,1,8.9,100.008,96.9584,100.008,100.008,98.9915,95.2605,2,7,1,0,8,3
20,15,1,1,9,100.008,100.008,100.008,100.008,100.008,91.1334,0,4,0,0,4,3
20,15,1,1,9.1,100.008,100.008,100.008,100.008,100.008,91.1334,0,1,0,0,1,1
20,15,1,1,9.2,100.008,100.008,100.008,100.008,100.008,91.1334,0,0,0,0,0,1
20,15,1,1,9.3,100.008,100.008,100.008,100.008,100.008,100.008,0,0,0,0,0,1
20,15,2,1,5.5,100.008,96.923,100.008,100.008,98.9797,100.008,0,2,0,0,2,0
20,15,2,1,5.6,100.008,96.7127,88.6075,100.008,95.1094,100.008,0,7,1,0,8,0
20,15,2,1,5.7,100.008,95.4257,100.008,100.008,98.4806,100.008,0,12,0,0,12,0
20,15,2,1,5.8,100.008,95.3982,100.008,100.008,98.4714,99.3836,0,19,0,0,19,4
20,15,2,1,5.9,100.008,95.8732,100.008,100.008,98.6297,93.4663,0,44,2,0,46,8
20,15,2,1,6,100.008,95.922,99.8191,94.7051,96.8154,94.5606,0,76,8,2,86,19
20,15,2,1,6.1,100.008,95.7739,99.7028,99.0586,98.1784,94.937,0,137,24,3,164,32
20,15,2,1,6.2,100.008,95.5609,98.4555,98.7646,97.5937,92.9195,0,229,82,11,322,61
20,15,2,1,6.3,100.008,94.785,98.363,98.6872,97.2784,91.1115,0,369,168,41,578,99
20,15,2,1,6.4,100.008,92.5576,96.589,97.7489,95.6319,87.2113,0,517,322,135,974,170
20,15,2,1,6.5,100.008,90.6936,96.0748,95.0566,93.9417,82.8063,0,692,518,293,1503,282
20,15,2,1,6.6,100.008,87.0154,91.6839,89.1488,89.2827,81.9845,0,914,792,598,2304,399
20,15,2,1,6.7,100.008,80.7167,86.5931,86.3191,84.543,78.9548,0,1161,1073,894,3128,605
20,15,2,1,6.8,100.008,79.4576,84.698,84.6247,82.9268,76.3477,0,1391,1312,1150,3853,809
20,15,2,1,6.9,100.008,78.6313,82.6947,82.5819,81.3026,74.8975,0,1496,1542,1453,4491,1059
20,15,2,1,7,100.008,77.2427,81.6944,80.4259,79.7877,73.2221,0,1678,1687,1665,5030,1287
20,15,2,1,7.1,100.008,75.0566,80.8983,80.387,78.7806,72.6186,0,1854,1804,1790,5448,1554
20,15,2,1,7.2,95.0472,73.7817,79.0985,78.1985,77.0262,71.2637,7,1961,1903,1925,5789,1829
20,15,2,1,7.3,93.8897,74.7491,77.2419,76.8529,76.2813,71.119,59,2021,2027,2041,6089,1859
20,15,2,1,7.4,80.6451,72.1607,75.8811,76.1309,74.7242,70.5533,280,2097,2063,2078,6238,1889
20,15,2,1,7.5,72.4435,71.8559,74.685,74.0757,73.5389,68.5326,596,2113,2103,2128,6344,2010
20,15,2,1,7.6,71.594,70.7336,72.1071,72.4732,71.7713,69.4754,896,2151,2154,2157,6462,1925
20,15,2,1,7.7,71.1541,69.5632,71.6856,70.0838,70.4442,66.4805,1194,2195,2177,2210,6582,1763
20,15,2,1,7.8,70.2839,68.5079,68.8695,69.6322,69.0032,66.79,1489,2233,2223,2225,6681,1586
20,15,2,1,7.9,69.5651,67.2039,69.8669,66.5309,67.8672,64.1994,1784,2261,2230,2324,6815,1380
20,15,2,1,8,69.3185,65.1369,69.474,65.0455,66.5521,58.1332,1831,2227,2146,2245,6618,1170
20,15,2,1,8.1,67.7785,63.2928,67.4213,62.6093,64.4411,66.2256,1797,2035,1919,1998,5952,925
20,15,2,1,8.2,64.3199,60.3691,63.0344,58.2767,60.5601,70.7263,1604,1792,1688,1751,5231,678
20,15,2,1,8.3,61.8764,56.1465,55.8283,53.0774,55.0174,77.9944,1345,1574,1428,1468,4470,473
20,15,2,1,8.4,56.2586,48.1466,46.2254,43.6431,46.005,84.2824,1089,1324,1173,1208,3705,264
20,15,2,1,8.5,42.9288,41.0849,38.9381,37.5659,39.1963,82.4123,831,1058,929,954,2941,103
20,15,2,1,8.6,36.8489,40.4982,39.5681,36.8527,38.973,86.3832,595,775,692,702,2169,40
20,15,2,1,8.7,96.0525,47.6629,40.8543,37.3695,41.9622,87.3847,332,499,455,451,1405,18
20,15,2,1,8.8,95.4874,92.2534,96.3794,100.008,96.2136,95.148,82,226,204,197,627,11
20,15,2,1,8.9,98.7761,94.9956,100.008,100.008,98.3372,92.6146,7,17,1,0,18,4
20,15,2,1,9,100.008,96.9948,100.008,100.008,99.0036,91.1334,2,6,0,0,6,2
20,15,2,1,9.1,100.008,100.008,100.008,100.008,100.008,91.1334,0,4,0,0,4,1
20,15,2,1,9.2,100.008,100.008,100.008,100.008,100.008,91.1334,0,0,0,0,0,1
20,15,2,1,9.3,100.008,100.008,100.008,100.008,100.008,100.008,0,0,0,0,0,1
20,15,3,1,5.3,100.008,100.008,100.008,100.008,100.008,96.923,0,1,0,0,1,2
20,15,3,1,5.4,100.008,94.3757,100.008,100.008,98.1306,97.9514,0,3,0,0,3,3
20,15,3,1,5.5,100.008,94.3485,100.008,100.008,98.1215,97.9514,0,5,0,0,5,3
20,15,3,1,5.6,100.008,95.0054,100.008,100.008,98.3405,97.9514,0,15,0,0,15,3
20,15,3,1,5.7,100.008,94.349,100.008,100.008,98.1217,94.9296,0,24,2,1,27,5
20,15,3,1,5.8,100.008,95.2113,94.9514,100.008,96.7236,98.0217,0,44,2,0,46,8
20,15,3,1,5.9,100.008,95.9851,99.7821,95.9695,97.2455,97.7174,0,82,8,1,91,15
20,15,3,1,6,100.008,96.0278,98.6688,100.008,98.2349,96.3483,0,142,36,2,180,30
20,15,3,1,6.1,100.008,95.4953,98.3655,99.6124,97.8244,95.2892,0,252,71,9,332,60
20,15,3,1,6.2,100.008,94.8505,98.5093,98.7812,97.3803,88.7457,0,374,154,49,577,104
20,15,3,1,6.3,100.008,93.3054,96.5883,98.1449,96.0129,84.9022,0,500,302,124,926,183
20,15,3,1,6.4,100.008,91.0639,96.3684,97.4456,94.9593,83.9479,0,689,489,250,1428,283
20,15,3,1,6.5,100.008,87.0333,94.0365,92.1547,91.0748,83.6353,0,890,721,510,2121,410
20,15,3,1,6.6,100.008,82.483,89.0201,87.949,86.484,78.7645,0,1129,1005,809,2943,595
20,15,3,1,6.7,100.008,79.3593,86.2065,85.6904,83.752,77.5987,0,1315,1261,1106,3682,785
20,15,3,1,6.8,100.008,78.0677,83.3988,85.2453,82.2372,75.5662,0,1480,1479,1357,4316,1046
20,15,3,1,6.9,100.008,76.7646,82.4559,82.1552,80.4586,73.4827,0,1631,1649,1603,4883,1324
20,15,3,1,7,100.008,76.2118,80.9129,79.4184,78.8477,72.402,0,1782,1773,1766,5321,1516
20,15,3,1,7.1,100.008,74.9658,79.1189,78.1172,77.4006,70.4334,1,1888,1891,1898,5677,1667
20,15,3,1,7.2,93.5525,73.7181,78.8282,78.1259,76.8907,70.4909,26,1992,1970,1998,5960,1783
20,15,3,1,7.3,81.5295,71.9296,77.6532,75.8906,75.1578,70.9323,184,2065,2018,2070,6153,1943
20,15,3,1,7.4,74.6936,72.0686,76.0926,73.7587,73.9733,68.572,471,2088,2066,2129,6283,1971
20,15,3,1,7.5,70.4605,72.5857,73.682,71.2396,72.5024,70.483,773,2110,2109,2177,6396,1933
20,15,3,1,7.6,70.0137,69.9025,73.1812,70.3707,71.1515,68.7503,1071,2181,2131,2216,6528,1779
20,15,3,1,7.7,69.5044,67.3625,71.9481,68.8553,69.3887,64.9084,1366,2235,2158,2236,6629,1621
20,15,3,1,7.8,68.8377,67.135,70.5101,69.1082,68.9177,60.2727,1651,2288,2204,2275,6767,1412
20,15,3,1,7.9,68.9649,64.9835,70.2153,67.4291,67.5426,56.0763,1849,2303,2208,2283,6794,1172
20,15,3,1,8,67.6818,64.1409,67.943,64.5492,65.5444,64.0898,1807,2070,1999,2045,6114,944
20,15,3,1,8.1,67.2833,62.492,63.8405,60.9714,62.4346,67.2898,1642,1840,1749,1789,5378,689
20,15,3,1,8.2,63.592,57.9429,58.0211,56.4971,57.4871,75.2497,1410,1592,1499,1524,4615,488
20,15,3,1,8.3,58.5638,50.3889,49.7746,48.0478,49.4038,77.4242,1148,1370,1233,1258,3861,246
20,15,3,1,8.4,47.6907,40.6574,38.4447,38.6487,39.2503,88.7029,894,1102,991,991,3084,109
20,15,3,1,8.5,37.1357,39.8566,37.6133,38.2619,38.5772,95.2137,652,812,752,753,2317,69
20,15,3,1,8.6,52.0355,43.2375,37.6156,37.6516,39.5016,89.6676,393,561,497,502,1560,14
20,15,3,1,8.7,97.9586,91.4481,100.008,100.008,97.1547,100.008,134,280,248,249,777,2
20,15,3,1,8.8,95.9222,92.7133,100.008,100.008,97.5764,100.008,10,18,0,0,18,1
20,15,3,1,8.9,93.3229,95.5707,100.008,100.008,98.5289,100.008,5,4,0,0,4,1
20,15,3,1,9,100.008,91.1334,100.008,100.008,97.0498,100.008,1,2,0,0,2,1
20,15,3,1,9.1,100.008,100.008,100.008,100.008,100.008,100.008,0,1,0,0,1,0
20,15,4,1,5.5,100.008,96.1635,100.008,100.008,98.7265,100.008,0,6,0,0,6,0
20,15,4,1,5.6,100.008,95.0091,100.008,100.008,98.3417,100.008,0,11,0,0,11,0
20,15,4,1,5.7,100.008,96.0424,94.1458,100.008,96.7321,96.819,0,19,1,0,20,2
20,15,4,1,5.8,100.008,95.9706,88.6149,100.008,94.8645,92.6538,0,42,2,0,44,7
20,15,4,1,5.9,100.008,96.3072,99.61,100.008,98.6417,93.7763,0,87,8,1,96,18
20,15,4,1,6,100.008,96.3671,98.2669,100.006,98.2135,92.4618,0,157,30,4,191,33
20,15,4,1,6.1,100.008,95.8338,98.6,98.6253,97.6864,92.3174,0,260,69,16,345,62
20,15,4,1,6.2,100.008,94.9847,98.4784,98.0677,97.1769,88.7392,0,384,159,46,589,113
20,15,4,1,6.3,100.008,93.3324,97.4599,97.4929,96.0951,87.4194,0,523,289,135,947,175
20,15,4,1,6.4,100.008,90.6021,95.8724,95.2174,93.8973,83.5638,0,701,514,279,1494,259
20,15,4,1,6.5,100.008,86.7913,92.1581,92.7625,90.5706,81.6651,0,905,758,538,2201,398
20,15,4,1,6.6,100.008,81.4193,87.7983,88.045,85.7542,79.5201,0,1138,1051,835,3024,567
20,15,4,1,6.7,100.008,79.7363,84.8538,85.9766,83.5222,77.6519,0,1335,1340,1087,3762,760
20,15,4,1,6.8,100.008,77.7225,83.9445,84.5527,82.0733,74.9625,0,1506,1508,1388,4402,1013
20,15,4,1,6.9,100.008,75.9988,82.4071,80.7429,79.7163,73.8514,0,1653,1676,1631,4960,1243
20,15,4,1,7,100.008,75.6956,80.8871,78.9601,78.5143,71.3569,0,1778,1793,1819,5390,1467
20,15,4,1,7.1,96.1075,74.8104,78.9483,77.8276,77.1954,69.6204,1,1898,1908,1927,5733,1733
20,15,4,1,7.2,92.5858,73.9514,77.8007,77.2887,76.3469,68.9471,25,2009,1977,2019,6005,1953
20,15,4,1,7.3,79.9078,71.04,77.4768,75.2507,74.5892,70.3657,217,2097,2019,2096,6212,2031
20,15,4,1,7.4,71.2487,70.9962,75.3689,73.3074,73.2242,69.511,517,2142,2065,2130,6337,1966
20,15,4,1,7.5,68.3731,69.9961,73.567,72.3356,71.9663,70.7732,817,2169,2125,2156,6450,1917
20,15,4,1,7.6,67.6673,68.9972,72.1611,71.4403,70.8662,68.8755,1111,2200,2159,2205,6564,1763
20,15,4,1,7.7,66.9322,67.6207,70.3554,69.5951,69.1904,66.2283,1405,2248,2195,2231,6674,1644
20,15,4,1,7.8,66.8033,66.261,70.0432,67.7225,68.0089,62.5475,1659,2298,2226,2289,6813,1430
20,15,4,1,7.9,66.5702,64.7811,68.5233,66.4254,66.5766,61.7725,1724,2324,2241,2302,6867,1202
20,15,4,1,8,65.7392,63.5984,66.2501,64.4543,64.7676,56.2357,1683,2094,2038,2064,6196,966
20,15,4,1,8.1,64.4964,61.4786,62.9398,61.1829,61.8671,61.9288,1474,1879,1783,1809,5471,723
20,15,4,1,8.2,60.3407,57.0094,57.7889,55.766,56.8548,83.7545,1341,1647,1513,1555,4715,484
20,15,4,1,8.3,53.5555,48.8641,50.2626,47.5292,48.8853,83.8948,1084,1408,1256,1295,3959,226
20,15,4,1,8.4,40.4588,40.2737,38.984,39.1655,39.4744,82.9744,837,1148,1032,1010,3190,88
20,15,4,1,8.5,34.6409,40.3613,38.3301,37.7411,38.8108,85.6654,573,853,779,778,2410,48
20,15,4,1,8.6,90.4025,43.4007,37.4257,36.5543,39.1269,87.2116,314,581,533,531,1645,28
20,15,4,1,8.7,90.5243,93.4645,95.3549,100.008,96.2758,97.0865,65,309,269,287,865,15
20,15,4,1,8.8,88.3769,97.0803,100.008,100.008,99.0321,100.008,6,45,26,25,96,4
20,15,4,1,8.9,91.1334,97.7796,100.008,100.008,99.2652,100.008,3,8,0,0,8,0
20,15,4,1,9,91.1334,97.7796,100.008,100.008,99.2652,100.008,1,3,0,0,3,0
20,15,4,1,9.1,100.008,100.008,100.008,100.008,100.008,100.008,1,3,0,0,3,0
20,15,4,1,9.2,100.008,100.008,100.008,100.008,100.008,100.008,1,0,0,0,0,0
20,15,5,1,5.3,100.008,100.008,100.008,100.008,100.008,93.8381,0,1,0,0,1,1
20,15,5,1,5.4,100.008,100.008,100.008,100.008,100.008,93.8381,0,1,0,0,1,1
20,15,5,1,5.5,100.008,100.008,100.008,100.008,100.008,96.923,0,1,0,0,1,2
20,15,5,1,5.6,100.008,100.008,100.008,100.008,100.008,97.9514,0,2,0,0,2,3
20,15,5,1,5.7,100.008,93.7547,100.008,100.008,97.9236,98.774,0,13,0,0,13,5
20,15,5,1,5.8,100.008,94.797,100.008,97.3307,97.3786,100.008,0,28,0,1,29,7
20,15,5,1,5.9,100.008,95.4241,97.5587,100.008,97.6636,98.5779,0,54,6,0,60,11
20,15,5,1,6,100.008,96.0817,99.0766,100.008,98.3888,97.1064,0,104,17,2,123,22
20,15,5,1,6.1,100.008,95.5816,98.4306,99.8015,97.9379,95.5927,0,187,57,5,249,42
20,15,5,1,6.2,100.008,95.1489,98.7153,98.8697,97.578,90.7542,0,306,96,19,421,83
20,15,5,1,6.3,100.008,94.323,97.8752,98.5548,96.9177,87.2766,0,441,219,68,728,145
20,15,5,1,6.4,100.008,92.0836,97.0153,96.7379,95.279,82.3916,0,585,369,178,1132,218
20,15,5,1,6.5,100.008,89.7652,94.1849,95.839,93.263,80.3982,0,763,582,356,1701,333
20,15,5,1,6.6,100.008,84.8187,91.5071,90.4076,88.9111,80.1941,0,957,903,625,2485,472
20,15,5,1,6.7,100.008,82.1837,85.9758,85.391,84.5168,77.9406,0,1184,1158,948,3290,656
20,15,5,1,6.8,100.008,79.5442,84.7355,83.414,82.5646,75.3009,0,1385,1367,1250,4002,907
20,15,5,1,6.9,100.008,76.8328,84.5632,82.3756,81.2572,74.3241,0,1572,1557,1464,4593,1106
20,15,5,1,7,100.008,76.5666,81.3603,81.0378,79.6549,71.8036,0,1720,1727,1673,5120,1367
20,15,5,1,7.1,100.008,75.173,80.914,80.7595,78.9488,70.4592,0,1839,1833,1814,5486,1588
20,15,5,1,7.2,90.3879,74.5328,78.5315,78.5062,77.1902,69.4776,6,1957,1937,1950,5844,1799
20,15,5,1,7.3,91.8441,72.5772,78.2059,76.5878,75.7903,68.633,62,2056,2017,2067,6140,1935
20,15,5,1,7.4,80.409,71.0879,77.0067,74.1567,74.0838,68.2915,248,2106,2043,2110,6259,2018
20,15,5,1,7.5,75.7221,70.7502,75.6301,73.6088,73.3297,66.7522,496,2162,2077,2129,6368,2026
20,15,5,1,7.6,72.077,69.7623,75.0221,71.7625,72.1823,68.5959,788,2197,2095,2184,6476,1873
20,15,5,1,7.7,72.2945,68.0243,72.8719,70.1291,70.3418,66.2926,1034,2231,2138,2218,6587,1728
20,15,5,1,7.8,71.9205,66.9713,72.6389,68.8016,69.4706,67.675,1224,2286,2151,2261,6698,1560
20,15,5,1,7.9,71.3862,65.6364,70.2716,66.5249,67.4776,65.1269,1354,2301,2204,2330,6835,1327
20,15,5,1,8,70.2024,63.768,69.5333,64.5463,65.9492,60.3226,1348,2337,2224,2367,6928,1127
20,15,5,1,8.1,68.0435,63.0615,67.2419,63.169,64.4908,56.728,1274,2113,2027,2123,6263,883
20,15,5,1,8.2,68.0057,59.7269,63.6184,60.3685,61.2379,67.2289,1087,1901,1778,1844,5523,640
20,15,5,1,8.3,62.37,55.4499,59.0338,54.9373,56.4737,83.4878,851,1661,1509,1590,4760,386
20,15,5,1,8.4,50.1693,47.9082,49.6924,46.4892,48.0299,84.2984,700,1385,1288,1325,3998,125
20,15,5,1,8.5,41.9721,39.3577,39.1208,37.9422,38.8069,86.815,443,1159,1031,1053,3243,82
20,15,5,1,8.6,94.2697,39.1472,37.9312,37.5516,38.21,92.1447,179,873,794,804,2471,40
20,15,5,1,8.7,93.8856,38.5972,38.0609,37.1072,37.9218,89.3626,10,597,541,550,1688,14
20,15,5,1,8.8,94.2577,92.425,100.008,100.008,97.4803,88.9269,10,323,300,300,923,6
20,15,5,1,8.9,94.7761,86.9987,100.008,100.008,95.6716,98.7761,8,56,46,46,148,5
20,15,5,1,9,94.8214,100.008,100.008,100.008,100.008,100.008,4,1,0,0,1,2
20,15,5,1,9.1,95.5707,100.008,100.008,100.008,100.008,100.008,3,0,0,0,0,1
20,15,5,1,9.2,100.008,100.008,100.008,100.008,100.008,100.008,2,0,0,0,0,0
20,15,6,1,5.5,100.008,93.8381,100.008,100.008,97.9514,100.008,0,1,0,0,1,2
20,15,6,1,5.6,100.008,93.1145,100.008,100.008,97.7102,100.008,0,5,0,0,5,3
20,15,6,1,5.7,100.008,94.7422,100.008,100.008,98.2527,100.008,0,12,0,0,12,4
20,15,6,1,5.8,100.008,94.9798,100.008,100.008,98.3319,99.2771,0,32,2,0,34,7
20,15,6,1,5.9,100.008,96.0293,98.5124,99.9151,98.1523,97.5347,0,67,3,2,72,10
20,15,6,1,6,100.008,96.3105,98.8639,100.008,98.3941,95.6792,0,116,18,2,136,23
20,15,6,1,6.1,100.008,95.8205,98.9147,100.008,98.2477,92.2991,0,207,37,5,249,43
20,15,6,1,6.2,100.008,95.3146,98.8357,99.3047,97.8183,88.5761,0,331,103,23,457,78
20,15,6,1,6.3,100.008,94.223,97.8251,97.312,96.4534,87.7662,0,454,230,68,752,133
20,15,6,1,6.4,100.008,91.8611,96.0339,96.9603,94.9518,85.2512,0,600,416,184,1200,207
20,15,6,1,6.5,100.008,88.3713,94.7915,94.9808,92.7145,81.2268,0,807,621,401,1829,336
20,15,6,1,6.6,100.008,84.7989,89.9846,90.9874,88.5903,78.3963,0,1005,928,694,2627,492
20,15,6,1,6.7,100.008,80.4637,88.1803,86.0754,84.9065,77.4093,0,1250,1194,965,3409,683
20,15,6,1,6.8,100.008,78.1722,85.5702,84.4576,82.7334,76.3247,0,1413,1390,1280,4083,934
20,15,6,1,6.9,100.008,76.8617,82.729,82.5865,80.7257,76.2556,0,1577,1592,1510,4679,1134
20,15,6,1,7,100.008,74.9763,81.7237,80.5666,79.0889,72.9365,0,1740,1721,1713,5174,1395
20,15,6,1,7.1,100.008,75.5986,79.1109,79.2357,77.9817,70.0276,0,1845,1852,1851,5548,1625
20,15,6,1,7.2,98.9578,74.9414,77.6102,77.8112,76.7876,67.4784,4,1926,1939,1938,5803,1812
20,15,6,1,7.3,91.1161,73.7566,76.6247,76.001,75.4608,67.0495,49,2013,2025,2054,6092,1896
20,15,6,1,7.4,85.5827,73.0746,74.4307,74.362,73.9558,64.0422,187,2086,2083,2124,6293,1923
20,15,6,1,7.5,81.4621,72.4017,75.3798,72.0684,73.2833,64.6501,382,2141,2091,2178,6410,1848
20,15,6,1,7.6,79.4634,71.4444,74.2923,69.8227,71.8532,64.3451,591,2166,2127,2243,6536,1716
20,15,6,1,7.7,76.7513,70.4212,71.7545,68.5759,70.2506,65.2009,781,2207,2176,2270,6653,1708
20,15,6,1,7.8,77.1428,68.5093,69.6584,67.1549,68.4408,63.1145,938,2229,2231,2318,6778,1649
20,15,6,1,7.9,76.0271,65.0729,69.0898,66.0672,66.7433,59.8535,1054,2296,2247,2341,6884,1529
20,15,6,1,8,75.9748,63.1202,68.332,64.5292,65.3272,55.7802,1034,2356,2271,2383,7010,1282
20,15,6,1,8.1,75.5043,62.1391,66.3874,62.5877,63.7048,48.8568,967,2164,2102,2206,6472,1053
20,15,6,1,8.2,72.7682,59.8672,62.7555,59.3758,60.6662,42.6383,793,1969,1850,1933,5752,798
20,15,6,1,8.3,70.7825,56.1492,56.871,54.5655,55.8619,56.5389,637,1715,1619,1665,4999,541
20,15,6,1,8.4,75.0771,49.2095,49.5341,47.1434,48.629,84.2374,444,1476,1360,1393,4229,288
20,15,6,1,8.5,77.9666,39.7856,39.075,38.2276,39.0294,83.5445,239,1221,1121,1121,3463,46
20,15,6,1,8.6,100.008,38.484,38.6231,38.2185,38.4419,88.7825,40,955,857,866,2678,32
20,15,6,1,8.7,100.008,37.8459,38.7183,38.1818,38.2486,78.2838,2,679,602,619,1900,12
20,15,6,1,8.8,97.0498,46.9722,36.7134,37.3904,40.3587,75.399,3,396,363,370,1129,9
20,15,6,1,8.9,97.0498,90.1608,100.008,100.008,96.7256,94.6402,3,119,111,119,349,9
20,15,6,1,9,91.1334,100.008,100.008,100.008,100.008,100.008,3,2,0,0,2,1
20,15,6,1,9.1,91.1334,100.008,100.008,100.008,100.008,100.008,1,0,0,0,0,0
20,15,6,1,9.2,91.1334,100.008,100.008,100.008,100.008,100.008,1,0,0,0,0,0
20,15,6,1,9.3,100.008,100.008,100.008,100.008,100.008,100.008,1,0,0,0,0,0
20,15,7,1,5.4,100.008,96.923,100.008,100.008,98.9797,100.008,0,2,0,0,2,0
20,15,7,1,5.5,100.008,96.1635,100.008,100.008,98.7265,100.008,0,6,0,0,6,0
20,15,7,1,5.6,100.008,95.4257,100.008,100.008,98.4806,100.008,0,12,0,0,12,0
20,15,7,1,5.7,100.008,96.16,100.008,88.9677,95.0452,95.633,0,20,0,1,21,3
20,15,7,1,5.8,100.008,96.053,100.008,100.008,98.6897,93.8959,0,36,2,0,38,5
20,15,7,1,5.9,100.008,96.5292,95.6088,100.008,97.382,96.6075,0,68,4,1,73,13
20,15,7,1,6,100.008,96.5682,98.9252,97.1557,97.5497,95.0266,0,117,19,3,139,25
20,15,7,1,6.1,100.008,96.2665,98.0865,98.8549,97.736,91.2557,0,194,39,7,240,58
20,15,7,1,6.2,100.008,94.8141,98.3929,98.8099,97.339,90.3805,0,312,106,34,452,108
20,15,7,1,6.3,100.008,93.7114,97.7995,97.7166,96.4092,86.9029,0,449,230,95,774,171
20,15,7,1,6.4,100.008,91.5763,96.4739,94.8499,94.3,84.7266,0,592,420,243,1255,263
20,15,7,1,6.5,100.008,88.2832,93.6824,90.9863,90.984,83.0648,0,795,639,459,1893,381
20,15,7,1,6.6,100.008,83.3655,91.2928,87.4743,87.3776,80.6394,0,1043,900,744,2687,548
20,15,7,1,6.7,100.008,79.6874,87.2859,85.4121,84.1285,78.9328,0,1260,1204,1008,3472,764
20,15,7,1,6.8,100.008,78.5467,84.3942,85.7606,82.9005,76.9932,0,1437,1419,1288,4144,928
20,15,7,1,6.9,100.008,76.6182,82.4602,83.1536,80.744,75.3888,0,1613,1604,1530,4747,1202
20,15,7,1,7,100.008,76.1303,82.5836,80.7275,79.8138,73.3717,1,1766,1728,1739,5233,1477
20,15,7,1,7.1,99.9344,76.6884,79.6297,79.2261,78.5147,72.0934,3,1859,1870,1899,5628,1636
20,15,7,1,7.2,95.8578,75.3066,78.4809,77.5864,77.1247,72.0861,8,1941,1938,1974,5853,1844
20,15,7,1,7.3,89.3016,72.7446,78.488,76.3942,75.8756,71.3871,46,2018,2000,2056,6074,1965
20,15,7,1,7.4,82.2842,71.6648,77.1478,75.7601,74.8576,71.8058,141,2090,2028,2080,6198,1958
20,15,7,1,7.5,81.1312,71.277,76.4463,74.6818,74.1351,70.9568,265,2141,2058,2107,6306,1893
20,15,7,1,7.6,79.1874,70.8452,74.7339,73.2226,72.9339,67.8168,419,2172,2098,2155,6425,1767
20,15,7,1,7.7,78.9986,68.7062,73.6836,70.569,70.9863,63.9274,577,2207,2127,2198,6532,1583
20,15,7,1,7.8,77.7468,69.7372,71.5792,69.6284,70.3149,67.4927,682,2235,2188,2240,6663,1386
20,15,7,1,7.9,76.4866,67.2955,70.3311,67.8183,68.4817,67.7291,742,2284,2202,2284,6770,1156
20,15,7,1,8,75.8683,65.5126,68.6936,66.2693,66.8252,67.5444,750,2299,2246,2329,6874,958
20,15,7,1,8.1,74.0378,64.4149,67.6969,64.3877,65.4998,69.7126,715,2217,2149,2265,6631,706
20,15,7,1,8.2,72.6236,62.2821,64.6467,61.5734,62.8341,74.748,519,1991,1908,2008,5907,460
20,15,7,1,8.3,66.35,57.7599,60.7988,58.7636,59.1075,81.834,379,1772,1659,1714,5145,238
20,15,7,1,8.4,67.4789,52.4387,55.2626,52.7339,53.4784,87.5684,293,1525,1404,1454,4383,176
20,15,7,1,8.5,77.8373,43.3002,44.417,41.5985,43.1052,84.8176,156,1266,1154,1209,3629,105
20,15,7,1,8.6,100.008,38.5336,37.8773,36.7913,37.7341,86.276,33,994,921,950,2865,36
20,15,7,1,8.7,100.008,38.8034,37.3984,36.4708,37.5575,85.4613,1,735,670,687,2092,16
20,15,7,1,8.8,100.008,41.2927,36.7233,37.655,38.557,82.3607,1,460,433,422,1315,12
20,15,7,1,8.9,100.008,94.3519,100.008,100.008,98.1226,100.008,0,191,174,181,546,4
20,15,7,1,9,100.008,91.1334,100.008,100.008,97.0498,100.008,0,5,1,0,6,0
20,15,7,1,9.1,100.008,91.1334,100.008,100.008,97.0498,100.008,0,1,0,0,1,0
20,15,7,1,9.2,100.008,100.008,100.008,100.008,100.008,100.008,0,1,0,0,1,0
20,15,8,1,5.5,100.008,96.923,100.008,100.008,98.9797,100.008,0,2,0,0,2,0
20,15,8,1,5.6,100.008,95.3946,100.008,100.008,98.4702,100.008,0,5,0,0,5,1
20,15,8,1,5.7,100.008,95.7781,100.008,100.008,98.598,100.008,0,13,0,0,13,1
20,15,8,1,5.8,100.008,94.7904,100.008,100.008,98.2688,95.2791,0,27,1,0,28,3
20,15,8,1,5.9,100.008,95.8839,100.008,100.008,98.6333,95.8255,0,56,2,0,58,8
20,15,8,1,6,100.008,96.3729,99.3979,100.008,98.5929,95.9085,0,101,14,1,116,15
20,15,8,1,6.1,100.008,96.754,99.4546,97.7418,97.9834,91.2899,0,183,25,3,211,38
20,15,8,1,6.2,100.008,95.6628,98.4893,99.786,97.9794,88.5709,0,266,74,17,357,72
20,15,8,1,6.3,100.008,95.2559,98.2059,97.7557,97.0725,86.8473,0,406,152,45,603,115
20,15,8,1,6.4,100.008,92.8886,96.9288,95.6161,95.1445,84.4457,0,551,315,143,1009,181
20,15,8,1,6.5,100.008,89.9414,95.5493,95.7066,93.7324,82.721,0,720,500,306,1526,287
20,15,8,1,6.6,100.008,86.5952,91.0593,92.6528,90.1025,80.4512,0,914,803,562,2279,407
20,15,8,1,6.7,100.008,81.1146,87.9388,87.7774,85.6103,78.7978,0,1178,1077,851,3106,603
20,15,8,1,6.8,100.008,79.4726,85.3009,85.5148,83.4294,76.1942,0,1353,1341,1155,3849,820
20,15,8,1,6.9,100.008,78.0029,83.7595,82.9466,81.5697,73.382,0,1525,1518,1426,4469,1074
20,15,8,1,7,100.008,76.9653,81.9965,81.882,80.2812,72.2157,0,1674,1690,1647,5011,1306
20,15,8,1,7.1,100.008,75.5327,80.1213,79.8519,78.502,71.1,0,1815,1817,1803,5435,1585
20,15,8,1,7.2,100.008,74.7213,78.5229,78.1595,77.1346,71.7611,0,1929,1919,1928,5776,1832
20,15,8,1,7.3,93.759,74.4675,77.6456,77.5658,76.5597,72.5218,14,2012,1997,2022,6031,1909
20,15,8,1,7.4,87.5471,72.1951,77.3144,75.5779,75.0291,71.4152,58,2066,2018,2084,6168,2023
20,15,8,1,7.5,82.5563,71.9169,76.2597,73.9254,74.034,69.0861,134,2108,2067,2116,6291,2044
20,15,8,1,7.6,79.365,70.0121,75.7666,71.5616,72.4468,67.4171,243,2167,2067,2174,6408,1924
20,15,8,1,7.7,77.2626,69.3159,74.5376,69.7398,71.1978,63.9023,328,2196,2109,2247,6552,1764
20,15,8,1,7.8,77.2588,68.5244,71.5747,68.2744,69.4578,61.2301,416,2212,2173,2267,6652,1567
20,15,8,1,7.9,74.7588,67.6672,69.9187,67.7422,68.4427,59.7218,466,2266,2212,2300,6778,1356
20,15,8,1,8,75.0204,64.9647,69.2215,65.7255,66.6372,57.8215,495,2315,2246,2335,6896,1138
20,15,8,1,8.1,73.0847,63.9409,67.6895,64.3243,65.3182,67.2404,499,2354,2284,2394,7032,908
20,15,8,1,8.2,72.8335,62.8787,66.1527,61.9821,63.6712,67.1721,453,2195,2122,2246,6563,666
20,15,8,1,8.3,76.7331,60.9135,62.3765,58.9005,60.7302,70.4339,369,1948,1881,1975,5804,467
20,15,8,1,8.4,73.7218,55.7711,58.4574,53.8785,56.0357,75.4175,259,1739,1608,1714,5061,261
20,15,8,1,8.5,71.8411,48.8683,50.0053,47.1137,48.6624,79.8322,132,1465,1381,1433,4279,123
20,15,8,1,8.6,81.2382,38.3242,39.456,38.2936,38.6913,82.5632,80,1224,1128,1166,3518,50
20,15,8,1,8.7,100.008,36.9557,38.157,37.8989,37.6705,82.0016,27,961,898,891,2750,42
20,15,8,1,8.8,100.008,38.1803,37.1109,37.829,37.7068,93.6206,0,672,653,640,1965,11
20,15,8,1,8.9,100.008,43.203,37.3708,36.871,39.1482,100.008,0,408,382,394,1184,1
20,15,8,1,9,100.008,96.1181,100.008,100.008,98.7114,100.008,0,142,127,139,408,0
20,15,8,1,9.1,100.008,91.1334,100.008,100.008,97.0498,100.008,0,3,0,0,3,0
20,15,8,1,9.2,100.008,100.008,100.008,100.008,100.008,100.008,0,1,0,0,1,0
20,15,9,1,5.4,100.008,100.008,100.008,100.008,100.008,100.008,0,1,0,0,1,0
20,15,9,1,5.5,100.008,100.008,100.008,100.008,100.008,96.923,0,3,0,0,3,2
20,15,9,1,5.6,100.008,96.6286,100.008,100.008,98.8815,94.1512,0,5,0,0,5,3
20,15,9,1,5.7,100.008,95.518,100.008,100.008,98.5113,94.1512,0,16,0,0,16,3
20,15,9,1,5.8,100.008,95.2126,100.008,100.008,98.4095,95.6163,0,38,4,0,42,12
20,15,9,1,5.9,100.008,96.294,96.7282,92.2103,95.0775,96.9784,0,79,12,1,92,23
20,15,9,1,6,100.008,96.3565,99.1694,100.008,98.5113,92.622,0,154,26,2,182,31
20,15,9,1,6.1,100.008,95.7589,98.8821,98.8847,97.8419,88.3725,0,255,74,18,347,67
20,15,9,1,6.2,100.008,94.9681,98.4621,98.2813,97.2372,86.2218,0,377,174,46,597,109
20,15,9,1,6.3,100.008,93.5504,97.4311,98.1754,96.3856,82.9884,0,536,300,118,954,168
20,15,9,1,6.4,100.008,91.0453,96.8765,96.9488,94.9569,81.9936,0,678,491,248,1417,250
20,15,9,1,6.5,100.008,87.1948,94.2763,92.6962,91.3891,81.9702,0,871,710,487,2068,387
20,15,9,1,6.6,100.008,81.9709,89.5203,88.1208,86.5373,79.5875,0,1122,1008,765,2895,591
20,15,9,1,6.7,100.008,79.977,86.6064,84.9961,83.8598,79.1672,0,1297,1256,1067,3620,808
20,15,9,1,6.8,100.008,78.8232,84.0813,82.8262,81.9103,76.7994,0,1440,1461,1346,4247,1055
20,15,9,1,6.9,100.008,76.2027,82.3391,82.4766,80.3395,72.1662,0,1616,1634,1565,4815,1255
20,15,9,1,7,100.008,76.3619,81.1707,80.8797,79.4708,70.1428,0,1773,1765,1744,5282,1452
20,15,9,1,7.1,100.008,75.9745,78.8644,78.5894,77.8094,69.3339,0,1860,1880,1891,5631,1744
20,15,9,1,7.2,100.008,74.2006,78.8181,77.4434,76.8207,68.0686,0,1982,1954,1991,5927,1779
20,15,9,1,7.3,91.9906,73.6714,77.4648,75.6888,75.6083,66.0412,13,2030,2012,2079,6121,1901
20,15,9,1,7.4,89.9031,72.5974,77.2375,74.614,74.8163,66.9553,46,2097,2049,2110,6256,1832
20,15,9,1,7.5,86.4973,73.0409,73.9368,73.4273,73.4683,67.9935,78,2109,2116,2145,6370,1825
20,15,9,1,7.6,85.1914,70.0082,73.0501,71.5446,71.5343,66.8382,126,2160,2135,2200,6495,1819
20,15,9,1,7.7,84.008,67.8248,71.2795,70.5063,69.8702,64.4494,171,2225,2175,2222,6622,1747
20,15,9,1,7.8,81.8901,67.8104,70.3781,68.6457,68.9448,61.8389,207,2268,2195,2274,6737,1557
20,15,9,1,7.9,81.0042,66.9891,68.2001,66.0086,67.0659,56.4746,235,2280,2253,2326,6859,1339
20,15,9,1,8,82.2287,65.1227,67.0572,64.4288,65.5363,52.3225,244,2308,2298,2379,6985,1119
20,15,9,1,8.1,81.4671,63.0244,67.0703,63.5403,64.545,52.7468,224,2358,2299,2395,7052,868
20,15,9,1,8.2,81.1391,59.9236,65.2045,61.6042,62.2441,64.3376,169,2143,2034,2116,6293,616
20,15,9,1,8.3,79.9755,56.3513,60.6719,57.5109,58.1781,77.0197,122,1887,1773,1863,5523,354
20,15,9,1,8.4,83.4381,50.5522,54.9504,52.3949,52.6325,78.9058,78,1646,1528,1594,4768,153
20,15,9,1,8.5,77.8825,42.9141,44.78,43.3184,43.6708,88.6166,62,1379,1280,1337,3996,101
20,15,9,1,8.6,93.6469,36.0693,38.0281,37.8366,37.3113,95.5605,15,1126,1038,1058,3222,20
20,15,9,1,8.7,100.008,35.2571,38.4445,37.101,36.9342,94.2569,3,845,774,816,2435,6
20,15,9,1,8.8,100.008,35.0258,38.328,36.7397,36.6978,91.6539,2,570,543,560,1673,5
20,15,9,1,8.9,100.008,91.1334,100.008,100.008,97.0498,100.008,2,307,305,297,909,3
20,15,9,1,9,100.008,91.1334,100.008,100.008,97.0498,100.008,2,47,42,43,132,0
20,15,9,1,9.1,100.008,91.1334,100.008,100.008,97.0498,100.008,0,1,0,0,1,0
20,15,9,1,9.2,100.008,100.008,100.008,100.008,100.008,100.008,0,1,0,0,1,0
20,15,10,1,5.6,100.008,98.4655,100.008,100.008,99.4938,100.008,0,4,1,0,5,0
20,15,10,1,5.7,100.008,95.7781,100.008,100.008,98.598,100.008,0,13,0,0,13,0
20,15,10,1,5.8,100.008,94.7621,95.8689,100.008,96.8796,97.4499,0,27,2,0,29,2
20,15,10,1,5.9,100.008,95.8654,97.9698,100.008,97.9477,96.7754,0,58,7,0,65,8
20,15,10,1,6,100.008,96.4805,98.3426,100.008,98.277,95.835,0,107,16,0,123,22
20,15,10,1,6.1,100.008,96.1024,98.0091,99.0034,97.705,94.9854,0,180,36,3,219,42
20,15,10,1,6.2,100.008,95.5717,98.1073,97.7178,97.1323,91.293,0,290,90,12,392,82
20,15,10,1,6.3,100.008,94.3214,97.706,98.6607,96.896,88.9053,0,413,201,59,673,148
20,15,10,1,6.4,100.008,91.8394,97.1649,97.1026,95.369,87.0148,0,540,372,163,1075,226
20,15,10,1,6.5,100.008,89.7013,95.3699,95.5827,93.5513,84.4577,0,728,591,327,1646,322
20,15,10,1,6.6,100.008,84.9275,90.2796,91.7506,88.9859,80.0992,0,957,856,616,2429,479
20,15,10,1,6.7,100.008,81.6804,87.3516,86.9281,85.3201,75.7996,0,1168,1129,933,3230,687
20,15,10,1,6.8,100.008,79.1629,84.9209,84.8637,82.9825,76.0385,0,1345,1372,1226,3943,887
20,15,10,1,6.9,100.008,77.4159,83.0803,83.5123,81.3362,73.9726,0,1554,1554,1436,4544,1150
20,15,10,1,7,100.008,76.8723,82.239,82.188,80.4331,72.5438,0,1728,1711,1659,5098,1363
20,15,10,1,7.1,100.008,77.1868,79.6636,79.7352,78.8619,72.8098,0,1813,1833,1805,5451,1548
20,15,10,1,7.2,100.008,74.6953,80.7609,77.394,77.6167,71.3089,0,1937,1888,1950,5775,1767
20,15,10,1,7.3,95.0143,74.2046,77.5133,75.7885,75.8354,71.1314,3,1986,1982,2038,6006,1995
20,15,10,1,7.4,94.8943,72.2509,77.3324,75.6047,75.0627,71.9266,12,2096,2031,2075,6202,1942
20,15,10,1,7.5,94.4734,72.4355,75.0991,74.2883,73.941,70.4925,27,2114,2077,2117,6308,1867
20,15,10,1,7.6,88.5164,70.7748,74.2704,72.2301,72.4251,70.2653,52,2153,2116,2177,6446,1787
20,15,10,1,7.7,89.5972,68.8656,73.5191,70.0914,70.8254,69.5197,79,2217,2133,2215,6565,1636
20,15,10,1,7.8,88.0547,68.0891,71.9275,68.8143,69.6103,69.8276,103,2229,2168,2265,6662,1455
20,15,10,1,7.9,86.3464,66.5286,70.6135,67.5412,68.2278,67.8034,125,2292,2203,2297,6792,1243
20,15,10,1,8,82.5018,65.1802,68.1307,66.2276,66.5128,74.2942,123,2306,2257,2330,6893,1011
20,15,10,1,8.1,82.1873,63.6075,66.8856,64.6654,65.0529,74.4171,117,2348,2304,2381,7033,772
20,15,10,1,8.2,78.5793,63.0397,65.7191,62.8881,63.8823,80.1126,116,2288,2234,2343,6865,557
20,15,10,1,8.3,76.3,60.439,63.0529,59.794,61.0953,79.6031,70,2041,1979,2071,6091,301
20,15,10,1,8.4,72.8717,55.232,59.3043,55.8309,56.7891,78.9031,56,1831,1709,1796,5336,123
20,15,10,1,8.5,78.7179,49.3193,52.5068,49.7454,50.5238,82.4974,56,1567,1472,1525,4564,98
20,15,10,1,8.6,100.008,39.6935,41.8291,39.4232,40.3153,92.6278,13,1310,1211,1281,3802,51
20,15,10,1,8.7,100.008,36.4607,38.6745,37.2323,37.4558,94.571,0,1054,968,1010,3032,28
20,15,10,1,8.8,100.008,35.87,38.3338,37.0563,37.0867,94.8456,0,781,714,743,2238,8
20,15,10,1,8.9,100.008,35.7625,36.4847,38.5764,36.9412,92.3937,0,517,487,474,1478,6
20,15,10,1,9,100.008,95.5707,100.008,100.008,98.5289,95.9904,0,238,232,231,701,5
20,15,10,1,9.1,100.008,91.1334,100.008,100.008,97.0498,100.008,0,2,0,0,2,5
20,15,10,1,9.2,100.008,100.008,100.008,100.008,100.008,100.008,0,1,0,0,1,1
20,10,1,1,5.6,100.008,98.774,100.008,100.008,99.5967,100.008,0,5,0,0,5,0
20,10,1,1,5.7,100.008,95.7781,100.008,100.008,98.598,100.008,0,13,0,0,13,0
20,10,1,1,5.8,100.008,95.5628,100.008,97.3307,97.6338,100.008,0,35,1,1,37,1
20,10,1,1,5.9,100.008,95.6383,99.5161,100.008,98.3875,97.9032,0,62,7,1,70,5
20,10,1,1,6,100.008,96.5126,98.9717,100.008,98.4974,95.6185,0,112,16,3,131,13
20,10,1,1,6.1,100.008,96.206,98.2787,98.9539,97.8129,91.3731,0,209,41,2,252,32
20,10,1,1,6.2,100.008,95.3882,97.4628,98.6776,97.1762,89.0674,0,317,105,31,453,58
20,10,1,1,6.3,100.008,93.7199,97.4851,98.1573,96.4541,89.1235,0,464,239,102,805,109
20,10,1,1,6.4,100.008,91.5946,95.6174,96.1994,94.4705,83.785,0,629,438,253,1320,158
20,10,1,1,6.5,100.008,86.8894,93.7345,93.9612,91.5284,82.4379,0,814,694,475,1983,252
20,10,1,1,6.6,100.008,82.7642,89.0708,87.0159,86.2836,82.0063,0,1067,987,785,2839,359
20,10,1,1,6.7,100.008,80.6983,85.3012,85.3318,83.7771,78.3145,0,1270,1270,1083,3623,504
20,10,1,1,6.8,100.008,77.4429,84.5953,83.3489,81.7957,77.6657,0,1476,1473,1351,4300,650
20,10,1,1,6.9,100.008,77.3633,82.1425,81.6086,80.3715,77.669,0,1605,1642,1600,4847,814
20,10,1,1,7,100.008,76.0393,80.7279,79.5221,78.7631,76.807,0,1791,1768,1754,5313,1004
20,10,1,1,7.1,90.2966,74.5362,81.0099,77.8418,77.796,77.6502,4,1870,1856,1911,5637,1161
20,10,1,1,7.2,90.5852,73.9208,78.4355,74.6055,75.6539,76.3277,60,1958,1953,2042,5953,1217
20,10,1,1,7.3,75.7387,72.841,76.0848,74.1394,74.355,74.9569,314,2057,2058,2116,6231,1334
20,10,1,1,7.4,72.7259,70.1661,75.8665,72.9342,72.9889,75.145,617,2140,2059,2158,6357,1297
20,10,1,1,7.5,71.85,69.2295,75.2384,70.755,71.741,76.0258,916,2173,2094,2194,6461,1257
20,10,1,1,7.6,70.5782,68.8838,73.0819,70.7642,70.91,76.038,1214,2230,2142,2202,6574,1103
20,10,1,1,7.7,69.3658,67.2922,70.2876,69.9128,69.1642,76.8419,1508,2253,2204,2227,6684,1002
20,10,1,1,7.8,68.411,66.4312,69.4692,68.8352,68.2452,74.8106,1779,2299,2229,2252,6780,804
20,10,1,1,7.9,67.3632,65.2692,67.2885,67.3793,66.6457,77.9683,2027,2316,2293,2297,6906,667
20,10,1,1,8,65.3798,63.1524,66.6916,65.3398,65.0613,83.3254,2202,2169,2085,2111,6365,487
20,10,1,1,8.1,63.1008,60.3859,63.6479,62.4476,62.1605,83.6415,2317,1971,1829,1856,5656,329
20,10,1,1,8.2,65.6965,57.5839,58.3987,57.0061,57.6629,81.448,2180,1696,1589,1623,4908,200
20,10,1,1,8.3,63.5462,50.1466,51.6664,50.2632,50.6921,79.9126,1929,1459,1324,1347,4130,116
20,10,1,1,8.4,60.5041,40.3908,39.8026,40.402,40.1985,79.0946,1740,1214,1081,1072,3367,107
20,10,1,1,8.5,56.1474,39.533,38.4508,38.7489,38.9109,85.1227,1478,934,839,820,2593,62
20,10,1,1,8.6,49.3852,39.453,37.8508,37.7906,38.3648,89.3577,1238,634,583,599,1816,26
20,10,1,1,8.7,38.2021,72.4245,39.0984,35.7993,49.1074,97.3241,983,369,338,359,1066,10
20,10,1,1,8.8,34.3239,95.5707,100.008,100.008,98.5289,94.6402,719,108,87,91,286,2
20,10,1,1,8.9,36.1629,95.5707,100.008,100.008,98.5289,94.6402,457,2,0,0,2,1
20,10,1,1,9,100.008,95.5707,100.008,100.008,98.5289,100.008,212,2,0,0,2,1
20,10,1,1,9.1,100.008,91.1334,100.008,100.008,97.0498,100.008,0,2,0,0,2,0
20,10,1,1,9.2,100.008,100.008,100.008,100.008,100.008,100.008,0,1,0,0,1,0
20,10,2,1,5.6,100.008,97.9514,100.008,100.008,99.3225,100.008,0,3,0,0,3,0
20,10,2,1,5.7,100.008,98.774,100.008,100.008,99.5967,83.111,0,5,0,0,5,1
20,10,2,1,5.8,100.008,97.1734,100.008,100.008,99.0631,89.4497,0,16,1,0,17,4
20,10,2,1,5.9,100.008,96.4124,100.008,85.5,93.9735,89.118,0,41,3,1,45,6
20,10,2,1,6,100.008,96.994,98.8038,99.147,98.3149,90.7995,0,95,13,1,109,11
20,10,2,1,6.1,100.008,96.4823,98.753,100.008,98.4144,93.3195,0,164,42,4,210,23
20,10,2,1,6.2,100.008,96.0372,98.3757,97.9823,97.4651,92.2564,0,277,84,16,377,45
20,10,2,1,6.3,100.008,94.5682,98.0521,99.2779,97.2994,90.2163,0,406,197,50,653,80
20,10,2,1,6.4,100.008,92.6759,96.4326,96.8574,95.3219,86.9173,0,556,361,180,1097,139
20,10,2,1,6.5,100.008,89.3312,95.5418,94.2367,93.0366,84.3492,0,769,554,389,1712,197
20,10,2,1,6.6,100.008,85.1569,90.672,90.3907,88.7398,81.5136,0,964,859,671,2494,298
20,10,2,1,6.7,100.008,80.8991,86.6712,84.7775,84.1159,80.9695,0,1223,1132,958,3313,406
20,10,2,1,6.8,100.008,78.0582,84.3158,84.0449,82.1396,79.6354,0,1405,1387,1242,4034,569
20,10,2,1,6.9,100.008,76.7923,83.372,82.4911,80.8851,77.4466,0,1595,1559,1484,4638,724
20,10,2,1,7,100.008,76.1983,80.8157,80.3364,79.1168,77.6789,0,1741,1741,1694,5176,888
20,10,2,1,7.1,100.008,75.0277,79.8429,79.9241,78.2649,76.4231,0,1861,1844,1838,5543,1025
20,10,2,1,7.2,93.7305,73.7172,78.7759,78.1819,76.8917,75.8725,20,1972,1929,1946,5847,1180
20,10,2,1,7.3,83.2992,72.7178,78.479,75.4791,75.5586,75.7023,166,2064,2002,2072,6138,1260
20,10,2,1,7.4,70.5942,71.3144,76.2843,75.3741,74.3243,75.518,479,2107,2063,2096,6266,1296
20,10,2,1,7.5,69.9772,71.02,74.3511,73.8421,73.0711,75.0992,778,2142,2098,2135,6375,1341
20,10,2,1,7.6,69.1546,69.1025,73.2971,71.9036,71.4344,73.9222,1076,2194,2128,2174,6496,1212
20,10,2,1,7.7,68.3257,68.1647,72.2827,70.1064,70.1846,73.6878,1371,2225,2162,2232,6619,1046
20,10,2,1,7.8,67.1955,66.5943,70.5467,68.7141,68.6184,74.913,1661,2272,2204,2249,6725,916
20,10,2,1,7.9,67.0657,66.4312,68.8911,67.4749,67.5991,72.8699,1925,2298,2255,2302,6855,748
20,10,2,1,8,65.3109,65.4473,66.9572,66.1728,66.1924,77.4298,2174,2265,2240,2265,6770,670
20,10,2,1,8.1,63.0673,62.8478,65.5888,63.2938,63.9101,79.1338,2344,2066,1991,2016,6073,426
20,10,2,1,8.2,65.5712,60.6841,61.4022,59.9789,60.6884,83.8009,2165,1844,1752,1761,5357,316
20,10,2,1,8.3,63.704,55.7449,55.3278,53.7526,54.9418,84.2933,1905,1582,1492,1515,4589,140
20,10,2,1,8.4,60.6954,46.9336,47.1453,44.8551,46.3113,84.3246,1685,1336,1230,1248,3814,83
20,10,2,1,8.5,56.1068,38.4776,38.6412,38.1527,38.4238,91.1365,1424,1071,989,995,3055,56
20,10,2,1,8.6,48.8703,38.8113,38.3726,36.7745,37.9861,90.6036,1183,794,746,756,2296,20
20,10,2,1,8.7,37.2329,40.0143,37.1699,36.2161,37.8001,90.4801,928,535,496,496,1527,9
20,10,2,1,8.8,34.4843,94.6907,100.008,100.008,98.2356,89.5822,668,256,240,249,745,7
20,10,2,1,8.9,38.8703,97.0498,100.008,100.008,99.0219,90.1608,413,6,0,0,6,4
20,10,2,1,9,96.0922,97.0498,100.008,100.008,99.0219,93.3229,160,3,0,0,3,2
20,10,2,1,9.1,100.008,95.5707,100.008,100.008,98.5289,100.008,2,3,0,0,3,1
20,10,2,1,9.2,100.008,91.1334,100.008,100.008,97.0498,100.008,0,2,0,0,2,0
20,10,2,1,9.3,100.008,100.008,100.008,100.008,100.008,100.008,0,1,0,0,1,0
20,10,3,1,5.5,100.008,96.923,100.008,100.008,98.9797,100.008,0,2,0,0,2,0
20,10,3,1,5.6,100.008,95.4881,100.008,100.008,98.5014,100.008,0,9,0,0,9,0
20,10,3,1,5.7,100.008,96.0803,100.008,99.1233,98.4039,100.008,0,14,0,1,15,0
20,10,3,1,5.8,100.008,96.0913,100.008,82.5725,92.8906,88.9677,0,23,0,1,24,1
20,10,3,1,5.9,100.008,96.3538,95.5724,91.4666,94.4643,91.8493,0,56,6,1,63,5
20,10,3,1,6,100.008,96.5572,98.9558,100.008,98.507,95.2261,0,105,20,1,126,12
20,10,3,1,6.1,100.008,96.3587,98.4959,94.6472,96.5006,93.6372,0,187,40,5,232,24
20,10,3,1,6.2,100.008,95.6651,98.4932,98.4028,97.5203,90.1055,0,293,95,24,412,47
20,10,3,1,6.3,100.008,94.1947,98.2553,97.6277,96.6926,87.9962,0,443,208,54,705,83
20,10,3,1,6.4,100.008,92.4061,96.5974,95.1226,94.7087,87.7826,0,578,367,179,1124,138
20,10,3,1,6.5,100.008,88.6185,94.5649,93.677,92.2868,85.7727,0,758,602,393,1753,210
20,10,3,1,6.6,100.008,83.5667,89.7588,88.8201,87.3819,84.5442,0,1036,870,669,2575,300
20,10,3,1,6.7,100.008,80.0728,86.6019,86.0544,84.243,83.1855,0,1199,1168,998,3365,422
20,10,3,1,6.8,100.008,77.8453,84.6485,83.7568,82.0835,80.7348,0,1418,1387,1263,4068,582
20,10,3,1,6.9,100.008,77.1658,82.425,81.7338,80.4415,78.5497,0,1588,1568,1506,4662,718
20,10,3,1,7,100.008,76.8614,81.2134,79.3972,79.1573,78.3899,0,1723,1749,1739,5211,925
20,10,3,1,7.1,100.008,74.1064,80.4259,77.6445,77.3923,76.3018,1,1896,1827,1877,5600,1034
20,10,3,1,7.2,89.4546,74.0798,78.566,77.4785,76.7081,75.9698,17,1967,1931,1976,5874,1152
20,10,3,1,7.3,81.3036,72.8977,77.8244,76.9337,75.8853,75.7993,177,2078,2028,2068,6174,1220
20,10,3,1,7.4,70.4267,70.9881,76.5679,74.4362,73.9974,75.446,488,2131,2057,2113,6301,1264
20,10,3,1,7.5,68.7521,71.2041,74.9306,71.974,72.7029,74.5399,786,2138,2095,2180,6413,1368
20,10,3,1,7.6,68.3825,70.4739,72.5786,70.9204,71.3243,75.1089,1083,2167,2154,2205,6526,1210
20,10,3,1,7.7,68.1238,68.2588,72.5161,69.2142,69.9964,73.0502,1379,2228,2158,2259,6645,1013
20,10,3,1,7.8,67.9242,67.8618,69.8798,67.5251,68.4222,72.4967,1671,2248,2226,2285,6759,936
20,10,3,1,7.9,67.0334,66.4945,69.1672,65.3533,67.005,71.558,1967,2282,2240,2360,6882,794
20,10,3,1,8,67.0024,64.3265,69.4589,63.5928,65.7927,72.1478,2188,2306,2188,2359,6853,684
20,10,3,1,8.1,65.4386,62.6723,66.4211,61.4006,63.498,72.2515,2246,2090,2003,2081,6174,442
20,10,3,1,8.2,63.048,60.2277,61.819,57.792,59.9462,73.9188,2089,1848,1748,1835,5431,341
20,10,3,1,8.3,61.1179,55.5359,56.2793,52.628,54.8144,81.668,1826,1623,1489,1560,4672,257
20,10,3,1,8.4,57.1158,46.7,47.0638,44.4582,46.074,81.6086,1582,1376,1228,1293,3897,155
20,10,3,1,8.5,50.8689,38.8685,38.6851,37.8705,38.4747,84.9236,1341,1100,1009,1015,3124,53
20,10,3,1,8.6,40.5417,38.3441,38.165,37.3231,37.9441,87.7497,1085,831,755,781,2367,25
20,10,3,1,8.7,34.5817,39.1556,38.4642,35.9985,37.8728,94.0231,829,534,522,532,1588,7
20,10,3,1,8.8,35.2711,92.0356,100.008,100.008,97.3505,93.3229,566,270,273,272,815,3
20,10,3,1,8.9,100.008,95.5707,100.008,100.008,98.5289,100.008,324,19,14,15,48,1
20,10,3,1,9,100.008,95.5707,100.008,100.008,98.5289,100.008,61,2,0,0,2,0
20,10,3,1,9.1,100.008,91.1334,100.008,100.008,97.0498,100.008,0,2,0,0,2,0
20,10,3,1,9.2,100.008,91.1334,100.008,100.008,97.0498,100.008,0,1,0,0,1,0
20,10,3,1,9.3,100.008,100.008,100.008,100.008,100.008,100.008,0,1,0,0,1,0
20,10,4,1,5.4,100.008,100.008,100.008,100.008,100.008,100.008,0,1,0,0,1,0
20,10,4,1,5.5,100.008,98.4655,100.008,100.008,99.4938,100.008,0,4,0,0,4,0
20,10,4,1,5.6,100.008,95.0841,100.008,100.008,98.3667,100.008,0,7,0,0,7,1
20,10,4,1,5.7,100.008,96.3099,100.008,100.008,98.7753,92.8537,0,11,0,0,11,2
20,10,4,1,5.8,100.008,95.9005,93.7959,100.008,96.5681,92.2131,0,25,1,0,26,6
20,10,4,1,5.9,100.008,96.4193,98.5081,100.008,98.3118,94.3901,0,61,5,0,66,11
20,10,4,1,6,100.008,96.6631,97.0044,96.2351,96.6342,94.8746,0,108,14,3,125,22
20,10,4,1,6.1,100.008,96.136,97.5322,98.88,97.5161,93.5145,0,186,40,10,236,38
20,10,4,1,6.2,100.008,94.8197,98.3957,99.0692,97.4282,93.1339,0,299,109,29,437,65
20,10,4,1,6.3,100.008,94.0045,97.3587,97.7786,96.3806,91.9352,0,445,233,68,746,102
20,10,4,1,6.4,100.008,91.9588,96.2948,97.2113,95.155,87.5217,0,589,376,196,1161,160
20,10,4,1,6.5,100.008,88.8809,94.2299,93.993,92.3679,87.1986,0,803,597,409,1809,250
20,10,4,1,6.6,100.008,83.7927,89.7192,91.2395,88.2505,83.376,0,1027,933,699,2659,339
20,10,4,1,6.7,100.008,80.6326,85.7549,85.9825,84.1234,80.6813,0,1230,1225,990,3445,472
20,10,4,1,6.8,100.008,77.8688,84.5472,84.3613,82.2591,78.7242,0,1450,1432,1261,4143,636
20,10,4,1,6.9,100.008,77.0371,82.3274,81.773,80.3792,79.1244,0,1596,1596,1535,4727,759
20,10,4,1,7,100.008,76.3103,79.9957,81.2212,79.1757,76.6432,0,1736,1773,1722,5231,909
20,10,4,1,7.1,94.0097,75.442,79.961,79.3747,78.2593,73.8147,1,1879,1857,1859,5595,1099
20,10,4,1,7.2,93.0061,74.2415,78.8738,76.3776,76.4976,72.6039,24,1964,1952,2000,5916,1190
20,10,4,1,7.3,86.0826,74.2067,76.8931,75.0572,75.3857,70.348,158,2043,2047,2097,6187,1304
20,10,4,1,7.4,72.7491,72.0849,76.2359,72.3777,73.5662,69.3599,462,2087,2057,2173,6317,1305
20,10,4,1,7.5,71.3208,71.825,74.908,70.4399,72.3909,68.2177,762,2130,2088,2208,6426,1211
20,10,4,1,7.6,69.6594,70.631,72.881,70.3001,71.2707,69.5173,1059,2171,2150,2223,6544,1106
20,10,4,1,7.7,68.5942,69.2729,72.894,67.73,69.9656,69.3882,1353,2208,2151,2301,6660,1076
20,10,4,1,7.8,67.7342,68.1927,70.3224,66.4523,68.3225,66.2608,1634,2240,2218,2315,6773,1128
20,10,4,1,7.9,66.7788,65.6864,68.1423,65.5908,66.4732,61.9114,1894,2290,2252,2358,6900,1007
20,10,4,1,8,65.8247,64.9011,66.2313,64.8843,65.3389,64.1716,2077,2314,2315,2383,7012,760
20,10,4,1,8.1,64.6492,62.6002,65.4198,62.8303,63.6168,77.6959,2034,2131,2053,2140,6324,511
20,10,4,1,8.2,64.5784,58.8298,62.6492,59.0781,60.1857,82.3165,1774,1925,1791,1876,5592,259
20,10,4,1,8.3,61.547,54.8928,56.8537,53.0025,54.9163,80.5604,1612,1658,1549,1622,4829,117
20,10,4,1,8.4,56.9566,47.6505,47.7125,44.3836,46.5822,82.5645,1353,1409,1290,1360,4059,84
20,10,4,1,8.5,49.2345,38.78,39.4906,37.7244,38.665,92.371,1103,1165,1050,1070,3285,52
20,10,4,1,8.6,37.0163,38.0864,39.3596,37.9069,38.451,95.989,855,899,813,815,2527,21
20,10,4,1,8.7,35.6298,39.5606,39.0426,37.2352,38.6128,93.9715,592,622,551,577,1750,7
20,10,4,1,8.8,92.8831,94.451,100.008,100.008,98.1557,100.008,342,336,315,319,970,3
20,10,4,1,8.9,86.9987,96.6571,100.008,100.008,98.891,100.008,81,77,60,62,199,2
20,10,4,1,9,86.9987,95.8225,100.008,100.008,98.6128,100.008,2,7,0,0,7,1
20,10,4,1,9.1,100.008,91.1334,100.008,100.008,97.0498,100.008,2,5,0,0,5,0
20,10,4,1,9.2,100.008,91.1334,100.008,100.008,97.0498,100.008,0,1,0,0,1,0
20,10,4,1,9.3,100.008,100.008,100.008,100.008,100.008,100.008,0,1,0,0,1,0
20,10,5,1,5.4,100.008,96.923,100.008,100.008,98.9797,100.008,0,2,0,0,2,1
20,10,5,1,5.5,100.008,96.923,100.008,100.008,98.9797,100.008,0,2,0,0,2,2
20,10,5,1,5.6,100.008,93.8982,100.008,100.008,97.9714,100.008,0,9,0,0,9,2
20,10,5,1,5.7,100.008,94.9324,100.008,100.008,98.3161,100.008,0,16,0,0,16,2
20,10,5,1,5.8,100.008,95.2693,100.008,100.008,98.4284,97.0767,0,30,0,0,30,5
20,10,5,1,5.9,100.008,95.6791,99.8758,100.008,98.521,97.0965,0,59,3,0,62,9
20,10,5,1,6,100.008,96.3556,98.3618,100.008,98.2418,97.1028,0,96,19,2,117,17
20,10,5,1,6.1,100.008,96.1673,99.1409,99.1178,98.142,94.0546,0,180,37,4,221,39
20,10,5,1,6.2,100.008,95.1532,97.5132,97.1465,96.6043,88.3036,0,300,111,36,447,59
20,10,5,1,6.3,100.008,94.2306,98.0502,97.964,96.7482,87.1126,0,452,222,67,741,102
20,10,5,1,6.4,100.008,91.5907,95.7139,96.5205,94.6084,84.354,0,596,408,211,1215,160
20,10,5,1,6.5,100.008,88.7266,94.7604,94.6844,92.7238,82.6373,0,804,616,435,1855,229
20,10,5,1,6.6,100.008,83.7713,90.6247,87.3582,87.2514,82.4091,0,1059,926,714,2699,324
20,10,5,1,6.7,100.008,80.1749,88.0233,84.1661,84.1214,81.1404,0,1279,1208,1001,3488,461
20,10,5,1,6.8,100.008,78.269,85.599,83.7459,82.538,81.6904,0,1444,1413,1302,4159,593
20,10,5,1,6.9,100.008,77.0801,83.0232,82.8728,80.9921,79.8712,0,1626,1609,1506,4741,747
20,10,5,1,7,100.008,75.5583,81.6467,79.7125,78.9725,76.6139,0,1749,1744,1753,5246,939
20,10,5,1,7.1,100.008,75.0293,80.3431,78.9932,78.1219,73.6455,0,1878,1834,1862,5574,1088
20,10,5,1,7.2,92.8538,75.0457,78.448,77.6727,77.0555,72.6578,16,1948,1952,1959,5859,1171
20,10,5,1,7.3,89.0325,74.0576,77.3314,75.7329,75.7073,71.2648,127,2042,2021,2078,6141,1277
20,10,5,1,7.4,75.8505,73.3491,75.848,73.4684,74.2218,71.3363,394,2075,2065,2137,6277,1271
20,10,5,1,7.5,70.0482,72.3663,74.3199,71.7354,72.8072,69.7665,692,2131,2086,2170,6387,1266
20,10,5,1,7.6,68.2056,71.5208,73.1795,70.4642,71.7215,68.6775,988,2159,2136,2218,6513,1185
20,10,5,1,7.7,67.6581,70.9007,72.1417,68.248,70.4301,65.8692,1281,2194,2168,2284,6646,1165
20,10,5,1,7.8,66.8338,69.3267,69.9533,65.8806,68.3869,63.0696,1575,2202,2220,2335,6757,1116
20,10,5,1,7.9,66.4621,66.0089,69.1853,65.0536,66.7493,63.2185,1812,2275,2261,2359,6895,995
20,10,5,1,8,66.3827,63.7574,68.0483,64.4133,65.4063,66.0888,1800,2348,2282,2381,7011,746
20,10,5,1,8.1,66.5279,63.1856,66.3884,62.9778,64.184,74.6153,1781,2214,2132,2242,6588,494
20,10,5,1,8.2,63.7932,61.3001,63.0376,59.8351,61.3909,74.9878,1590,1973,1912,1981,5866,252
20,10,5,1,8.3,59.3852,56.9883,59.3698,55.3351,57.2311,86.263,1377,1761,1635,1708,5104,193
20,10,5,1,8.4,52.2495,50.469,51.4238,48.3813,50.0914,85.2158,1115,1508,1386,1440,4334,79
20,10,5,1,8.5,39.1614,40.8524,40.3816,38.7872,40.0071,87.0132,854,1249,1135,1174,3558,33
20,10,5,1,8.6,33.6826,38.602,38.6998,37.4313,38.2443,97.3031,609,977,896,929,2802,18
20,10,5,1,8.7,100.008,39.0051,38.4027,36.7996,38.0691,96.6268,357,707,649,679,2035,5
20,10,5,1,8.8,91.1334,40.7429,39.3971,36.1161,38.752,98.0372,96,424,397,425,1246,4
20,10,5,1,8.9,91.1334,94.5028,100.008,100.008,98.1729,97.0519,1,171,151,156,478,3
20,10,5,1,9,91.1334,100.008,100.008,100.008,100.008,100.008,1,5,0,0,5,2
20,10,5,1,9.1,91.1334,100.008,100.008,100.008,100.008,100.008,1,1,0,0,1,0
20,10,5,1,9.2,91.1334,100.008,100.008,100.008,100.008,100.008,1,1,0,0,1,0
20,10,5,1,9.3,100.008,100.008,100.008,100.008,100.008,100.008,1,0,0,0,0,0
20,10,6,1,5.6,100.008,100.008,93.8381,100.008,97.9514,100.008,0,1,1,0,2,0
20,10,6,1,5.7,100.008,95.4881,100.008,100.008,98.5014,100.008,0,9,0,0,9,0
20,10,6,1,5.8,100.008,96.5636,100.008,100.008,98.8599,85.6994,0,22,0,0,22,1
20,10,6,1,5.9,100.008,96.2202,90.9262,100.008,95.7182,94.5179,0,41,3,0,44,7
20,10,6,1,6,100.008,96.341,99.2853,82.216,92.6141,95.915,0,96,19,1,116,14
20,10,6,1,6.1,100.008,96.3071,97.5912,95.7621,96.5535,95.5224,0,183,42,8,233,22
20,10,6,1,6.2,100.008,95.4191,98.1924,97.9886,97.2,94.6283,0,298,98,21,417,43
20,10,6,1,6.3,100.008,94.6846,98.1045,98.352,97.0471,92.0589,0,434,202,54,690,79
20,10,6,1,6.4,100.008,91.5003,97.03,96.3166,94.949,88.5724,0,599,385,172,1156,132
20,10,6,1,6.5,100.008,88.9077,96.4034,96.0587,93.7899,86.3725,0,787,590,352,1729,200
20,10,6,1,6.6,100.008,85.408,90.5618,90.8621,88.9439,83.0837,0,934,896,660,2490,298
20,10,6,1,6.7,100.008,80.8513,87.2845,87.5933,85.243,80.0399,0,1175,1150,951,3276,444
20,10,6,1,6.8,100.008,79.3583,84.8339,84.3014,82.8312,80.0584,0,1404,1376,1224,4004,594
20,10,6,1,6.9,100.008,77.7362,82.7264,82.6218,81.0281,78.0323,0,1541,1562,1486,4589,761
20,10,6,1,7,100.008,76.8039,81.7924,81.5772,80.0578,76.6702,0,1696,1723,1667,5086,928
20,10,6,1,7.1,97.694,75.9118,80.2388,79.7591,78.6366,76.4117,1,1822,1826,1818,5466,1053
20,10,6,1,7.2,96.6925,74.6442,79.4518,78.0657,77.3873,76.4396,14,1932,1904,1940,5776,1215
20,10,6,1,7.3,89.2903,73.5503,78.4272,75.8468,75.9414,74.0553,88,2007,1996,2060,6063,1316
20,10,6,1,7.4,82.2297,71.7104,77.4337,74.7996,74.6479,74.363,281,2075,2033,2115,6223,1357
20,10,6,1,7.5,77.6374,71.957,76.007,72.686,73.55,70.7775,541,2108,2074,2153,6335,1259
20,10,6,1,7.6,74.9685,71.5537,74.2779,70.6745,72.1687,73.1369,837,2134,2113,2203,6450,1192
20,10,6,1,7.7,74.0547,71.1005,72.5622,69.1756,70.9461,71.306,1098,2157,2161,2252,6570,1016
20,10,6,1,7.8,73.3405,69.6979,70.0599,67.4864,69.0814,72.328,1281,2201,2211,2279,6691,859
20,10,6,1,7.9,73.3125,68.0421,69.6986,66.5846,68.1084,73.7315,1401,2248,2229,2331,6808,764
20,10,6,1,8,70.9531,65.14,68.7317,64.5611,66.1443,77.5378,1456,2311,2245,2376,6932,648
20,10,6,1,8.1,72.1326,64.7273,66.8932,62.6053,64.7419,80.6557,1299,2308,2304,2436,7048,527
20,10,6,1,8.2,70.5831,63.0524,64.5153,61.6043,63.0573,79.3707,1095,2128,2087,2188,6403,294
20,10,6,1,8.3,69.893,59.3605,61.8534,57.8811,59.6983,83.8694,920,1899,1830,1921,5650,173
20,10,6,1,8.4,70.6218,55.1149,56.6997,52.5881,54.8009,81.2914,678,1661,1555,1655,4871,102
20,10,6,1,8.5,75.1315,46.888,48.897,44.6334,46.8061,85.1665,454,1406,1317,1383,4106,61
20,10,6,1,8.6,72.4947,37.7163,38.9204,37.2468,37.9612,90.1364,206,1155,1080,1104,3339,25
20,10,6,1,8.7,98.1956,36.8702,38.3537,36.9889,37.4043,89.42,51,900,825,858,2583,22
20,10,6,1,8.8,98.1956,36.3016,38.9655,36.8729,37.38,98.457,5,628,573,596,1797,8
20,10,6,1,8.9,95.5514,72.2089,54.2547,34.6742,53.7126,100.008,5,372,319,343,1034,3
20,10,6,1,9,95.5513,92.8868,100.008,100.008,97.6343,100.008,3,87,80,83,250,1
20,10,6,1,9.1,100.008,100.008,100.008,100.008,100.008,100.008,3,2,0,0,2,0
20,10,6,1,9.2,100.008,100.008,100.008,100.008,100.008,100.008,0,1,0,0,1,0
20,10,7,1,5.5,100.008,100.008,100.008,100.008,100.008,100.008,0,1,0,0,1,0
20,10,7,1,5.6,100.008,98.4655,100.008,100.008,99.4938,100.008,0,4,0,0,4,0
20,10,7,1,5.7,100.008,95.4881,100.008,100.008,98.5014,100.008,0,9,0,0,9,0
20,10,7,1,5.8,100.008,95.3982,100.008,100.008,98.4714,100.008,0,19,1,0,20,0
20,10,7,1,5.9,100.008,96.059,96.6594,100.008,97.5755,90.0494,0,46,4,0,50,3
20,10,7,1,6,100.008,96.2961,99.1518,100.008,98.4853,93.2818,0,97,18,2,117,10
20,10,7,1,6.1,100.008,96.3601,98.7222,100.008,98.3634,92.7919,0,180,34,1,215,25
20,10,7,1,6.2,100.008,95.4747,98.3682,98.4496,97.4308,89.0422,0,276,98,21,395,42
20,10,7,1,6.3,100.008,94.7364,98.2155,97.8574,96.9365,89.7031,0,429,194,59,682,87
20,10,7,1,6.4,100.008,91.7262,95.811,95.9317,94.4897,86.7959,0,574,384,195,1153,147
20,10,7,1,6.5,100.008,88.7465,94.6652,95.3455,92.9191,83.3904,0,750,624,378,1752,224
20,10,7,1,6.6,100.008,83.5269,90.0807,90.4888,88.0322,81.9652,0,1007,905,660,2572,330
20,10,7,1,6.7,100.008,80.7634,87.9726,85.2255,84.6538,80.1154,0,1249,1150,980,3379,458
20,10,7,1,6.8,100.008,78.9828,85.1415,83.3737,82.4993,78.5903,0,1430,1391,1265,4086,575
20,10,7,1,6.9,100.008,77.9361,82.8622,81.7735,80.8572,76.6144,0,1568,1581,1533,4682,707
20,10,7,1,7,100.008,77.4098,80.4319,79.2788,79.0402,76.2271,0,1685,1752,1737,5174,880
20,10,7,1,7.1,100.008,74.6667,80.81,78.7067,78.0611,76.0426,0,1856,1833,1842,5531,1066
20,10,7,1,7.2,99.227,74.575,80.1347,77.7489,77.4862,75.8136,3,1969,1915,1967,5851,1178
20,10,7,1,7.3,96.2592,72.5728,77.9846,75.6798,75.4124,74.0565,35,2057,2016,2074,6147,1221
20,10,7,1,7.4,82.6716,70.9326,76.4248,74.8013,74.0529,74.6344,159,2112,2045,2118,6275,1301
20,10,7,1,7.5,80.2935,71.2927,74.8936,72.975,73.0538,73.6551,334,2145,2097,2160,6402,1233
20,10,7,1,7.6,79.1007,69.4908,73.1477,71.7971,71.4785,74.0835,551,2195,2142,2185,6522,1185
20,10,7,1,7.7,77.4631,68.7713,72.1575,68.9407,69.9565,73.5196,763,2221,2158,2263,6642,1102
20,10,7,1,7.8,76.1925,66.3058,70.8295,67.6631,68.2662,70.8742,906,2271,2198,2277,6746,914
20,10,7,1,7.9,75.6528,65.9227,69.6923,66.2733,67.2961,71.6543,978,2317,2233,2327,6877,772
20,10,7,1,8,72.8522,64.8827,67.2265,64.5014,65.5369,67.1084,1021,2335,2286,2367,6988,657
20,10,7,1,8.1,75.1471,62.6524,66.9568,62.3514,63.9869,75.6361,1049,2377,2295,2436,7108,564
20,10,7,1,8.2,74.2071,61.7112,64.862,61.2303,62.6012,74.7049,792,2273,2230,2345,6848,337
20,10,7,1,8.3,72.149,58.5176,61.7033,58.3885,59.5364,76.8147,591,2042,1983,2062,6087,209
20,10,7,1,8.4,61.9877,54.1584,56.8221,54.4692,55.1499,75.4662,514,1814,1712,1787,5313,107
20,10,7,1,8.5,79.5007,47.7194,50.6093,48.3338,48.8875,91.2697,290,1568,1463,1512,4543,88
20,10,7,1,8.6,86.3048,38.0815,39.806,38.973,38.9535,95.9447,57,1297,1219,1253,3769,34
20,10,7,1,8.7,100.008,35.9998,38.2648,37.5211,37.2619,98.2363,10,1043,972,995,3010,10
20,10,7,1,8.8,100.008,35.7065,38.4119,36.3194,36.8126,96.2951,2,769,719,753,2241,10
20,10,7,1,8.9,100.008,34.6336,39.2099,34.7576,36.2004,92.6146,2,508,469,494,1471,4
20,10,7,1,9,100.008,100.008,100.008,100.008,100.008,91.1334,2,235,229,232,696,2
20,10,7,1,9.1,100.008,100.008,100.008,100.008,100.008,91.1334,1,1,0,0,1,1
20,10,7,1,9.2,100.008,100.008,100.008,100.008,100.008,91.1334,0,0,0,0,0,1
20,10,7,1,9.3,100.008,100.008,100.008,100.008,100.008,100.008,0,0,0,0,0,1
20,10,8,1,5.3,100.008,96.923,100.008,100.008,98.9797,100.008,0,2,0,0,2,0
20,10,8,1,5.4,100.008,98.4655,100.008,100.008,99.4938,100.008,0,4,0,0,4,1
20,10,8,1,5.5,100.008,93.8982,100.008,100.008,97.9714,100.008,0,9,0,0,9,1
20,10,8,1,5.6,100.008,95.7101,100.008,100.008,98.5754,100.008,0,13,0,0,13,2
20,10,8,1,5.7,100.008,94.5099,100.008,100.008,98.1753,95.7622,0,25,1,0,26,3
20,10,8,1,5.8,100.008,95.7119,98.7238,100.008,98.1479,98.1884,0,51,5,0,56,7
20,10,8,1,5.9,100.008,96.1793,99.6477,94.0773,96.6348,97.3416,0,96,13,3,112,13
20,10,8,1,6,100.008,96.3988,97.9557,100.008,98.1208,94.8723,0,172,30,7,209,28
20,10,8,1,6.1,100.008,95.3114,99.1162,99.5038,97.9771,93.9577,0,263,88,14,365,44
20,10,8,1,6.2,100.008,94.5968,98.5523,98.3607,97.17,89.8921,0,401,180,53,634,74
20,10,8,1,6.3,100.008,92.7053,97.1219,97.5601,95.7957,88.4005,0,532,333,149,1014,118
20,10,8,1,6.4,100.008,90.0886,95.8059,96.1458,94.0135,86.304,0,703,536,321,1560,183
20,10,8,1,6.5,100.008,85.2384,91.8986,89.4025,88.8465,84.9869,0,946,821,582,2349,269
20,10,8,1,6.6,100.008,81.9564,87.683,85.3602,84.9999,81.1333,0,1175,1110,880,3165,393
20,10,8,1,6.7,100.008,79.5094,84.8468,84.1255,82.8273,79.0214,0,1350,1368,1176,3894,513
20,10,8,1,6.8,100.008,77.5997,83.5865,82.8877,81.358,78.2098,0,1516,1535,1456,4507,685
20,10,8,1,6.9,100.008,76.0663,81.6257,81.5251,79.739,77.1933,0,1686,1711,1653,5050,831
20,10,8,1,7,100.008,74.6434,81.4389,80.0651,78.7158,74.358,0,1847,1803,1802,5452,974
20,10,8,1,7.1,98.1931,74.9919,79.0746,78.0084,77.3583,72.8307,2,1935,1933,1949,5817,1136
20,10,8,1,7.2,92.9934,74.255,77.7699,76.5773,76.2007,69.26,15,2047,2005,2041,6093,1231
20,10,8,1,7.3,85.4257,73.2299,76.1282,74.5363,74.6315,69.8983,73,2085,2072,2114,6271,1331
20,10,8,1,7.4,82.095,72.1431,74.1529,72.9923,73.0961,67.5982,162,2116,2104,2161,6381,1264
20,10,8,1,7.5,79.8755,70.3122,73.1704,71.6124,71.6983,68.3063,279,2182,2141,2179,6502,1225
20,10,8,1,7.6,79.5571,70.1572,72.1112,69.7917,70.6867,68.483,396,2203,2167,2252,6622,1129
20,10,8,1,7.7,79.3869,68.2052,71.6681,67.1428,69.0054,66.5469,493,2241,2181,2305,6727,1111
20,10,8,1,7.8,78.3088,66.8153,69.6495,65.1655,67.2101,60.8017,561,2269,2226,2365,6860,1119
20,10,8,1,7.9,78.0087,64.2233,67.9836,64.7291,65.6453,58.2347,598,2339,2262,2367,6968,876
20,10,8,1,8,79.1545,63.8546,65.7334,63.3382,64.3087,71.2842,601,2350,2325,2415,7090,641
20,10,8,1,8.1,77.9256,62.7046,64.5371,61.9591,63.0669,68.5915,524,2392,2356,2451,7199,383
20,10,8,1,8.2,80.6416,61.1814,62.9061,60.3624,61.4833,75.5919,383,2234,2184,2278,6696,341
20,10,8,1,8.3,80.4291,56.6101,59.1225,57.0351,57.5892,80.0056,245,2003,1927,1996,5926,169
20,10,8,1,8.4,82.562,51.6868,54.2242,51.0838,52.3316,89.2155,157,1762,1661,1739,5162,92
20,10,8,1,8.5,86.9906,43.745,46.4716,42.821,44.3459,89.7203,69,1506,1413,1478,4397,35
20,10,8,1,8.6,95.1691,36.534,38.7415,37.616,37.6305,93.5301,32,1263,1172,1192,3627,17
20,10,8,1,8.7,95.1691,35.4479,38.6546,37.5371,37.2132,93.17,3,993,917,942,2852,13
20,10,8,1,8.8,95.1691,35.2062,37.9753,38.1015,37.0944,100.008,3,710,676,680,2066,6
20,10,8,1,8.9,93.3229,35.1812,38.4799,38.7146,37.4586,100.008,3,462,410,427,1299,2
20,10,8,1,9,100.008,91.1334,100.008,100.008,97.0498,100.008,1,172,168,181,521,1
20,10,8,1,9.1,100.008,100.008,100.008,100.008,100.008,100.008,0,1,0,0,1,0
20,10,9,1,5.4,100.008,100.008,100.008,100.008,100.008,100.008,0,0,0,0,0,1
20,10,9,1,5.5,100.008,97.9514,100.008,100.008,99.3225,100.008,0,3,0,0,3,1
20,10,9,1,5.6,100.008,95.3946,100.008,100.008,98.4702,100.008,0,5,0,0,5,2
20,10,9,1,5.7,100.008,95.0524,100.008,100.008,98.3561,99.8311,0,18,0,0,18,5
20,10,9,1,5.8,100.008,95.267,95.9154,100.008,97.0635,99.0599,0,42,7,1,50,7
20,10,9,1,5.9,100.008,96.088,98.5953,100.008,98.2304,97.5894,0,91,11,3,105,11
20,10,9,1,6,100.008,96.0585,98.7038,100.008,98.2568,96.9556,0,163,32,6,201,20
20,10,9,1,6.1,100.008,95.3798,98.621,99.087,97.6959,94.7887,0,264,71,12,347,44
20,10,9,1,6.2,100.008,94.7798,98.1078,97.5756,96.821,92.0367,0,389,162,55,606,84
20,10,9,1,6.3,100.008,93.415,97.447,97.6765,96.1795,87.1504,0,524,320,113,957,134
20,10,9,1,6.4,100.008,90.0878,95.0599,95.9719,93.7065,86.4567,0,687,522,328,1537,185
20,10,9,1,6.5,100.008,85.4009,92.948,91.8177,90.0555,83.0674,0,929,806,571,2306,261
20,10,9,1,6.6,100.008,80.6202,89.3422,85.8922,85.2849,79.5382,0,1155,1093,888,3136,384
20,10,9,1,6.7,100.008,80.1496,85.6465,85.0989,83.6317,78.9288,0,1376,1309,1175,3860,501
20,10,9,1,6.8,100.008,77.815,83.0146,83.0104,81.28,77.4748,0,1518,1525,1454,4497,650
20,10,9,1,6.9,100.008,75.9444,82.2266,80.2586,79.4765,75.7878,0,1709,1680,1671,5060,835
20,10,9,1,7,100.008,75.6331,81.1278,79.7685,78.8431,75.855,0,1843,1804,1813,5460,1025
20,10,9,1,7.1,100.008,74.4045,78.5072,78.5032,77.1383,75.0552,0,1932,1924,1937,5793,1205
20,10,9,1,7.2,95.7729,72.0596,78.1103,77.6975,75.9558,73.6391,12,2052,1985,2003,6040,1256
20,10,9,1,7.3,87.6209,71.6831,76.79,75.449,74.6407,74.7236,51,2088,2043,2088,6219,1378
20,10,9,1,7.4,82.8926,72.2495,75.227,73.3265,73.601,73.546,106,2111,2084,2139,6334,1259
20,10,9,1,7.5,82.5382,69.7602,73.174,72.5064,71.8135,72.9766,164,2169,2131,2151,6451,1333
20,10,9,1,7.6,81.586,69.4564,72.5914,71.5488,71.1989,73.2348,234,2210,2165,2200,6575,1188
20,10,9,1,7.7,79.7746,68.3117,70.279,68.7628,69.1178,72.9549,299,2220,2201,2261,6682,979
20,10,9,1,7.8,78.2756,67.6984,69.4496,67.0026,68.0502,71.6033,329,2250,2252,2308,6810,784
20,10,9,1,7.9,76.0989,65.4989,67.9885,65.5299,66.3391,69.436,351,2314,2266,2346,6926,654
20,10,9,1,8,77.2667,63.2072,66.2746,65.0097,64.8305,69.8309,372,2365,2313,2357,7035,510
20,10,9,1,8.1,77.887,60.9414,65.9313,63.8447,63.5725,66.5114,288,2435,2334,2397,7166,346
20,10,9,1,8.2,74.879,60.627,64.3263,62.4778,62.477,72.0636,256,2352,2265,2346,6963,331
20,10,9,1,8.3,73.9068,58.0516,60.3264,59.5571,59.3117,80.3067,209,2110,2031,2060,6201,164
20,10,9,1,8.4,73.6223,53.755,55.4697,54.9927,54.7391,82.5654,124,1848,1789,1808,5445,62
20,10,9,1,8.5,79.0369,47.0676,48.3549,48.7425,48.055,82.3283,80,1610,1538,1529,4677,25
20,10,9,1,8.6,70.1102,37.1876,38.5651,39.4088,38.3872,81.8984,33,1351,1282,1268,3901,12
20,10,9,1,8.7,70.1102,35.8828,37.3124,38.588,37.2611,100.008,11,1091,1031,1010,3132,5
20,10,9,1,8.8,94.6402,35.6969,37.186,38.5805,37.1545,100.008,11,807,768,769,2344,0
20,10,9,1,8.9,94.6402,37.0938,37.3064,37.2784,37.2262,100.008,1,536,513,529,1578,0
20,10,9,1,9,94.6402,96.4033,100.008,100.008,98.8064,100.008,1,278,265,265,808,0
20,10,9,1,9.1,100.008,91.1334,100.008,100.008,97.0498,100.008,1,14,8,9,31,0
20,10,9,1,9.2,100.008,91.1334,100.008,100.008,97.0498,100.008,0,1,0,0,1,0
20,10,9,1,9.3,100.008,100.008,100.008,100.008,100.008,100.008,0,1,0,0,1,0
20,10,10,1,5.5,100.008,96.923,100.008,100.008,98.9797,100.008,0,2,0,0,2,0
20,10,10,1,5.6,100.008,95.0841,100.008,100.008,98.3667,100.008,0,7,0,0,7,1
20,10,10,1,5.7,100.008,95.231,96.819,100.008,97.3527,100.008,0,17,2,0,19,1
20,10,10,1,5.8,100.008,95.3882,100.008,100.008,98.4681,97.8737,0,46,1,0,47,4
20,10,10,1,5.9,100.008,96.3197,100.008,100.008,98.7786,98.5542,0,79,4,1,84,6
20,10,10,1,6,100.008,96.7053,98.9083,100.008,98.5405,93.9454,0,136,23,3,162,21
20,10,10,1,6.1,100.008,95.7122,98.7293,99.6176,98.0197,94.4878,0,212,67,5,284,36
20,10,10,1,6.2,100.008,94.9516,97.9622,98.7719,97.2286,93.3578,0,356,138,40,534,65
20,10,10,1,6.3,100.008,93.5089,97.2685,98.054,96.2772,91.3656,0,489,278,114,881,103
20,10,10,1,6.4,100.008,90.5369,95.5035,93.8193,93.2865,87.1018,0,676,478,288,1442,177
20,10,10,1,6.5,100.008,86.0645,92.0224,89.217,89.1013,83.8112,0,894,725,532,2151,255
20,10,10,1,6.6,100.008,82.992,87.7574,84.2471,84.9988,81.0369,0,1109,1058,816,2983,354
20,10,10,1,6.7,100.008,79.9073,84.5653,83.136,82.5362,79.9981,0,1335,1295,1110,3740,481
20,10,10,1,6.8,100.008,77.0668,83.0723,83.0131,81.0507,79.5328,0,1510,1498,1372,4380,649
20,10,10,1,6.9,100.008,75.9418,79.2957,80.9563,78.7313,78.0129,0,1686,1662,1598,4946,813
20,10,10,1,7,100.008,73.6038,79.7805,80.3677,77.9173,77.5587,0,1844,1789,1763,5396,981
20,10,10,1,7.1,100.008,72.1666,77.1463,77.2061,75.5063,76.9684,0,2006,1967,1974,5947,1117
20,10,10,1,7.2,100.008,72.1958,75.5615,75.8864,74.5479,76.7981,1,2097,2055,2077,6229,1203
20,10,10,1,7.3,93.621,70.7523,74.899,73.8304,73.1606,76.7446,16,2128,2094,2111,6333,1243
20,10,10,1,7.4,91.7656,69.707,73.8858,72.7257,72.1062,76.3711,27,2183,2108,2160,6451,1248
20,10,10,1,7.5,90.21,68.6704,71.6267,71.0287,70.4419,77.2977,68,2210,2165,2188,6563,1190
20,10,10,1,7.6,87.6091,67.4462,70.2789,70.0874,69.2708,75.7123,113,2246,2205,2230,6681,1144
20,10,10,1,7.7,86.4961,66.1,68.4592,67.8825,67.4806,77.5331,150,2293,2245,2263,6801,1028
20,10,10,1,7.8,86.0193,65.6241,67.5666,67.2577,66.8161,75.2194,173,2313,2275,2313,6901,827
20,10,10,1,7.9,85.0811,63.5074,66.479,65.0516,65.0127,75.0014,183,2365,2296,2365,7026,685
20,10,10,1,8,84.4049,62.0092,63.7936,64.5751,63.4593,76.6792,186,2395,2382,2361,7138,549
20,10,10,1,8.1,85.9613,60.7324,63.1414,63.1626,62.3455,76.1811,159,2443,2411,2417,7271,318
20,10,10,1,8.2,85.8873,59.2076,61.9299,61.8118,60.9831,79.1145,158,2492,2438,2455,7385,248
20,10,10,1,8.3,88.5743,57.4467,59.8363,59.2322,58.8384,82.603,94,2276,2182,2215,6673,216
20,10,10,1,8.4,89.0818,53.554,55.2906,55.1537,54.6661,86.6477,62,2009,1945,1953,5907,97
20,10,10,1,8.5,91.9604,48.2247,49.1979,49.1515,48.858,95.9494,36,1742,1697,1703,5142,23
20,10,10,1,8.6,95.594,38.9228,40.8498,40.3756,40.0494,89.5109,18,1501,1419,1456,4376,15
20,10,10,1,8.7,100.008,35.7708,37.867,38.121,37.2529,100.008,5,1248,1175,1183,3606,1
20,10,10,1,8.8,100.008,34.9505,38.2052,37.5729,36.9095,100.008,0,974,911,939,2824,0
20,10,10,1,8.9,100.008,34.5544,38.4106,36.8358,36.6003,100.008,0,712,662,684,2058,0
20,10,10,1,9,100.008,34.8497,36.3775,37.8995,36.3756,100.008,0,436,425,426,1287,0
20,10,10,1,9.1,100.008,100.008,100.008,100.008,100.008,100.008,0,167,163,170,500,0
